# Échantillon « alternance » — 22 août 2026, combats 1552052456 et 1552052503.
# `wakfu.log` SEUL, session entière depuis son `log path=`, dans l'ordre EXACT
# du fichier (ADR 0008). Deux clients depuis la même installation launcher.
# Produit par `tools/capture-multi-account.sh` : noms des Personnages joués,
# ID d'entité, chemins et IP locale anonymisés, et canaux filtrés en liste
# blanche — aucune retouche à la main, contrairement à `revive2`.
#
# ⚠️ Les alias sont PAR CAPTURE : ici PJ1 est l'Eniripsa (breed 7) et PJ2
# l'Enutrof (breed 3). Ce sont les mêmes personnages que PJ4 et PJ3 de
# `revive2-2026-08-21`, dans l'autre sens. Leurs ID d'entité, eux, sont stables
# d'un jour à l'autre — `ENTITE2` et `ENTITE3` ici — ce qui reprolonge l'ADR
# 0002 à travers un redémarrage de PC.
#
# CE QUE CET ÉCHANTILLON ÉTABLIT
#
#  1. LE COMPTAGE TOMBE JUSTE CONTRE UNE VÉRITÉ TERRAIN NOTÉE À LA MAIN.
#     Combat 1552052456 : 12 lignes `reportée` brutes, `k=2`, donc 6 fins de
#     tour — et Damien a joué 3 rounds complets à deux personnages, soit
#     exactement 6 tours. C'est la première vérification de la règle de lecture
#     de `k` hors des fixtures, sur de vrais pseudos et de vrais ID d'entité.
#     Le Tour courant y va de 1 à 4, un cran par bouclage.
#
#  2. LES DEUX CLIENTS ÉCRIVENT EN ALTERNANCE — ce qui CONTREDIT `revive2`.
#     Les deux copies de chaque frontière sont à 3-47 ms et 1 à 8 lignes
#     d'écart, là où `revive2` les avait à 345 lignes, par blocs. Le phénomène
#     des blocs ne s'est donc PAS reproduit sur une seconde session, même
#     installation, mêmes personnages. Conséquence : la règle « `k` monte → on
#     rejoue le combat » n'est pas exercée ici — `k` monte de 1 à 2 pendant la
#     rafale d'ouverture, 12 s avant la première frontière, ce qui est le chemin
#     nominal de l'ADR 0009. La réserve du ticket sur le mécanisme des blocs
#     reste donc entière, avec maintenant une session pour et une contre.
#
#  3. LES ENTITÉS N'ARRIVENT PAS ENSEMBLE, mesuré une fois de plus : PJ1
#     rejoint à 14:29:53,248 et PJ2 à 14:29:55,749, 2,5 s plus tard. Lire `k`
#     comme le nombre d'entités jouées vues donnerait 1, et l'overlay deux fois
#     trop rapide.
#
#  4. LES DEUX COPIES D'UNE FRONTIÈRE NE PORTENT PAS LA MÊME VALEUR : `59` puis
#     `60` à 3 ms, `123` puis `124` à 17 ms. Dédupliquer sur le texte est faux.
#
#  5. UNE INVOCATION EST DANS LE ROSTER, PAS DANS LA ROTATION. Le `Phorreur`
#     du premier combat porte `obstacleId : 3` et `isControlledByAI=true`, et
#     n'a fait avancer aucun tour.
#
# CE QU'IL PORTE ET QUI EST HORS PÉRIMÈTRE — le combat 1552052503
#
#  6. UN CLIENT FERMÉ PUIS RELANCÉ EN PLEIN COMBAT. Il écrit
#     `Reason : {Quit Request From Client}` puis `{UI Closed}` à 33 ms, un
#     nouveau `log path=`, et en rejoignant il RÉÉMET UNE RAFALE `[_FL_]`
#     ENTIÈRE du même `fightId`, invocation comprise — ce que la grammaire
#     disait ignorer. Trois conséquences, toutes visibles ici : le marqueur
#     d'arrêt d'un seul client referme le combat alors que l'autre y est encore
#     (le `End fight` n'arrive que 29 s plus tard) ; le nouveau `log path=`
#     déplace la borne de session APRÈS l'ouverture du combat ; et la rafale du
#     rejoignant est une copie de plus, donc `k` se lit à 3 pour deux clients.
#     Le cas est ÉCARTÉ DU PÉRIMÈTRE — les fenêtres du jeu ne sont pas censées
#     se fermer en plein combat. Voir « Points de rupture connus ».
#
#  7. DEUX MONSTRES HOMONYMES dans un vrai log : deux `Mama Wapin`, `ENTITE5`
#     et `ENTITE6`. Le nom n'est pas un identifiant, et l'ID les sépare.
#
# Réserve : aucun pseudo à apostrophe ni à tiret, ici non plus. Rien ne teste
# encore ce qu'un nom comme `Thor'Rompiche` subit dans une ligne de combat.
 INFO 14:29:02,352 [main] (com.ankamagames.wakfu.client.WakfuClient:213) - log path=/home/USER/.config/zaap/gamesLogs/wakfu
 INFO 14:29:02,693 [MessageScheduler] (aBA:299) - MessageScheduler running
 INFO 14:29:02,774 [AWT-EventQueue-0] (cFw:27) - Starting cFC...
 WARN 14:29:02,775 [AWT-EventQueue-0] (cFC:114) - Updater communication service is not currently configured: Service is unactivated.
 INFO 14:29:02,799 [AWT-EventQueue-0] (UH:34) - GameDate initialized. Timezone : sun.util.calendar.ZoneInfo[id="UTC",offset=0,dstSavings=0,useDaylight=false,transitions=0,lastRule=null]
 INFO 14:29:02,803 [AWT-EventQueue-0] (ahF:99) - Initializing GLApplication UI
 INFO 14:29:03,082 [AWT-EventQueue-0] (ahF:103) - GLappUI : Workspace created
 INFO 14:29:03,083 [AWT-EventQueue-0] (ahF:107) - GLappUI : Renderer created
 INFO 14:29:03,113 [AWT-EventQueue-0] (ahF:134) - GLappUI : Frame created
 INFO 14:29:03,160 [AWT-EventQueue-0] (ahF:422) - Applying resolution : {Resolution : 1712x1398x-1 Windowed 144Hz Prefered screen ID: :0.0 x: 2784 y: 37 hide taskbar: false}
 INFO 14:29:03,507 [AWT-EventQueue-0] (ahF:450) - Surface scale : [1.0, 1.0]
 INFO 14:29:03,512 [AWT-EventQueue-0] (ahF:354) - GLappUI : GL Rendering started
 INFO 14:29:04,121 [AWT-EventQueue-0] (fOX:2008) - Custom texture loaded : file:/home/USER/.config/Ankama/Wakfu/./themes/theme_Ymoka_Nightflow/theme/images/themeSimple.png
 INFO 14:29:04,122 [AWT-EventQueue-0] (fOX:2008) - Custom texture loaded : file:/home/USER/.config/Ankama/Wakfu/./themes/theme_Ymoka_Nightflow/theme/images/themeSimple2.png
 INFO 14:29:04,122 [AWT-EventQueue-0] (fOX:2008) - Custom texture loaded : file:/home/USER/.config/Ankama/Wakfu/./themes/theme_Ymoka_Nightflow/theme/images/themeSimple3.png
 INFO 14:29:04,122 [AWT-EventQueue-0] (fOX:2008) - Custom texture loaded : file:/home/USER/.config/Ankama/Wakfu/./themes/theme_Ymoka_Nightflow/theme/images/themeDefault.png
 INFO 14:29:04,122 [AWT-EventQueue-0] (fOX:2008) - Custom texture loaded : file:/home/USER/.config/Ankama/Wakfu/./themes/theme_Ymoka_Nightflow/theme/images/themeDefault2.png
 INFO 14:29:04,123 [AWT-EventQueue-0] (fOX:2008) - Custom texture loaded : file:/home/USER/.config/Ankama/Wakfu/./themes/theme_Ymoka_Nightflow/theme/images/themeOver.png
 INFO 14:29:04,123 [AWT-EventQueue-0] (fOX:2008) - Custom texture loaded : file:/home/USER/.config/Ankama/Wakfu/./themes/theme_Ymoka_Nightflow/theme/images/themeOver2.png
 INFO 14:29:04,123 [AWT-EventQueue-0] (fOX:2008) - Custom texture loaded : file:/home/USER/.config/Ankama/Wakfu/./themes/theme_Ymoka_Nightflow/theme/images/themePressed.png
 INFO 14:29:04,123 [AWT-EventQueue-0] (fOX:2008) - Custom texture loaded : file:/home/USER/.config/Ankama/Wakfu/./themes/theme_Ymoka_Nightflow/theme/images/themePressed2.png
 INFO 14:29:04,124 [AWT-EventQueue-0] (fOX:2008) - Custom texture loaded : file:/home/USER/.config/Ankama/Wakfu/./themes/theme_Ymoka_Nightflow/theme/images/themeDisabled.png
 INFO 14:29:04,124 [AWT-EventQueue-0] (fOX:2008) - Custom texture loaded : file:/home/USER/.config/Ankama/Wakfu/./themes/theme_Ymoka_Nightflow/theme/images/themeDisabled2.png
 INFO 14:29:04,124 [AWT-EventQueue-0] (fOX:2008) - Custom texture loaded : file:/home/USER/.config/Ankama/Wakfu/./themes/theme_Ymoka_Nightflow/theme/images/selectedThemeDefault.png
 INFO 14:29:04,124 [AWT-EventQueue-0] (fOX:2008) - Custom texture loaded : file:/home/USER/.config/Ankama/Wakfu/./themes/theme_Ymoka_Nightflow/theme/images/selectedThemeOver.png
 INFO 14:29:04,124 [AWT-EventQueue-0] (fOX:2008) - Custom texture loaded : file:/home/USER/.config/Ankama/Wakfu/./themes/theme_Ymoka_Nightflow/theme/images/selectedThemePressed.png
 INFO 14:29:04,125 [AWT-EventQueue-0] (fOX:2008) - Custom texture loaded : file:/home/USER/.config/Ankama/Wakfu/./themes/theme_Ymoka_Nightflow/theme/images/selectedThemeDisabled.png
 INFO 14:29:04,125 [AWT-EventQueue-0] (fOX:2008) - Custom texture loaded : file:/home/USER/.config/Ankama/Wakfu/./themes/theme_Ymoka_Nightflow/theme/images/iconesMruDefault.png
 INFO 14:29:04,125 [AWT-EventQueue-0] (fOX:2008) - Custom texture loaded : file:/home/USER/.config/Ankama/Wakfu/./themes/theme_Ymoka_Nightflow/theme/images/iconesMruDisabled.png
 INFO 14:29:04,125 [AWT-EventQueue-0] (fOX:2008) - Custom texture loaded : file:/home/USER/.config/Ankama/Wakfu/./themes/theme_Ymoka_Nightflow/theme/images/iconesMruOver.png
 INFO 14:29:04,126 [AWT-EventQueue-0] (fOX:2008) - Custom texture loaded : file:/home/USER/.config/Ankama/Wakfu/./themes/theme_Ymoka_Nightflow/theme/images/iconesMruPressed.png
 INFO 14:29:04,126 [AWT-EventQueue-0] (fOX:2008) - Custom texture loaded : file:/home/USER/.config/Ankama/Wakfu/./themes/theme_Ymoka_Nightflow/theme/images/havreSacDecor.png
 INFO 14:29:04,126 [AWT-EventQueue-0] (fOX:2008) - Custom texture loaded : file:/home/USER/.config/Ankama/Wakfu/./themes/theme_Ymoka_Nightflow/theme/images/dungeon.png
 INFO 14:29:04,126 [AWT-EventQueue-0] (fOX:2008) - Custom texture loaded : file:/home/USER/.config/Ankama/Wakfu/./themes/theme_Ymoka_Nightflow/theme/images/addCompanion.png
 INFO 14:29:04,127 [AWT-EventQueue-0] (fOX:2008) - Custom texture loaded : file:/home/USER/.config/Ankama/Wakfu/./themes/theme_Ymoka_Nightflow/theme/images/newCharacter.png
 INFO 14:29:04,127 [AWT-EventQueue-0] (fOX:2008) - Custom texture loaded : file:/home/USER/.config/Ankama/Wakfu/./themes/theme_Ymoka_Nightflow/theme/images/Paysage.png
 INFO 14:29:04,127 [AWT-EventQueue-0] (fOX:2008) - Custom texture loaded : file:/home/USER/.config/Ankama/Wakfu/./themes/theme_Ymoka_Nightflow/theme/images/socle_reward.png
 INFO 14:29:04,127 [AWT-EventQueue-0] (fOX:2008) - Custom texture loaded : file:/home/USER/.config/Ankama/Wakfu/./themes/theme_Ymoka_Nightflow/theme/images/passeport.png
 INFO 14:29:04,127 [AWT-EventQueue-0] (fOX:2008) - Custom texture loaded : file:/home/USER/.config/Ankama/Wakfu/./themes/theme_Ymoka_Nightflow/theme/images/ladder_donjon_empty.png
 INFO 14:29:04,128 [AWT-EventQueue-0] (fOX:2008) - Custom texture loaded : file:/home/USER/.config/Ankama/Wakfu/./themes/theme_Ymoka_Nightflow/theme/images/shardBlueFull.png
 INFO 14:29:04,128 [AWT-EventQueue-0] (fOX:2008) - Custom texture loaded : file:/home/USER/.config/Ankama/Wakfu/./themes/theme_Ymoka_Nightflow/theme/images/shardBlueEmpty.png
 INFO 14:29:04,128 [AWT-EventQueue-0] (fOX:2008) - Custom texture loaded : file:/home/USER/.config/Ankama/Wakfu/./themes/theme_Ymoka_Nightflow/theme/images/shardRedFull.png
 INFO 14:29:04,128 [AWT-EventQueue-0] (fOX:2008) - Custom texture loaded : file:/home/USER/.config/Ankama/Wakfu/./themes/theme_Ymoka_Nightflow/theme/images/shardRedEmpty.png
 INFO 14:29:04,129 [AWT-EventQueue-0] (fOX:2008) - Custom texture loaded : file:/home/USER/.config/Ankama/Wakfu/./themes/theme_Ymoka_Nightflow/theme/images/shardGreenFull.png
 INFO 14:29:04,129 [AWT-EventQueue-0] (fOX:2008) - Custom texture loaded : file:/home/USER/.config/Ankama/Wakfu/./themes/theme_Ymoka_Nightflow/theme/images/shardGreenEmpty.png
 INFO 14:29:04,129 [AWT-EventQueue-0] (fOX:2008) - Custom texture loaded : file:/home/USER/.config/Ankama/Wakfu/./themes/theme_Ymoka_Nightflow/theme/images/shardWhiteFull.png
 INFO 14:29:04,129 [AWT-EventQueue-0] (fOX:2008) - Custom texture loaded : file:/home/USER/.config/Ankama/Wakfu/./themes/theme_Ymoka_Nightflow/theme/images/shardWhiteEmpty.png
 INFO 14:29:04,129 [AWT-EventQueue-0] (fOX:2008) - Custom texture loaded : file:/home/USER/.config/Ankama/Wakfu/./themes/theme_Ymoka_Nightflow/theme/images/shardMultiEmpty.png
 INFO 14:29:04,130 [AWT-EventQueue-0] (fOX:2008) - Custom texture loaded : file:/home/USER/.config/Ankama/Wakfu/./themes/theme_Ymoka_Nightflow/theme/images/shardMultiFull.png
 INFO 14:29:04,130 [AWT-EventQueue-0] (fOX:2008) - Custom texture loaded : file:/home/USER/.config/Ankama/Wakfu/./themes/theme_Ymoka_Nightflow/theme/images/shardMultiHalf.png
 INFO 14:29:04,130 [AWT-EventQueue-0] (fOX:2008) - Custom texture loaded : file:/home/USER/.config/Ankama/Wakfu/./themes/theme_Ymoka_Nightflow/theme/images/itemsRarityBorders/old.png
 INFO 14:29:04,130 [AWT-EventQueue-0] (fOX:2008) - Custom texture loaded : file:/home/USER/.config/Ankama/Wakfu/./themes/theme_Ymoka_Nightflow/theme/images/itemsRarityBorders/common.png
 INFO 14:29:04,131 [AWT-EventQueue-0] (fOX:2008) - Custom texture loaded : file:/home/USER/.config/Ankama/Wakfu/./themes/theme_Ymoka_Nightflow/theme/images/itemsRarityBorders/rare.png
 INFO 14:29:04,131 [AWT-EventQueue-0] (fOX:2008) - Custom texture loaded : file:/home/USER/.config/Ankama/Wakfu/./themes/theme_Ymoka_Nightflow/theme/images/itemsRarityBorders/mythic.png
 INFO 14:29:04,131 [AWT-EventQueue-0] (fOX:2008) - Custom texture loaded : file:/home/USER/.config/Ankama/Wakfu/./themes/theme_Ymoka_Nightflow/theme/images/itemsRarityBorders/legendary.png
 INFO 14:29:04,131 [AWT-EventQueue-0] (fOX:2008) - Custom texture loaded : file:/home/USER/.config/Ankama/Wakfu/./themes/theme_Ymoka_Nightflow/theme/images/itemsRarityBorders/relic.png
 INFO 14:29:04,131 [AWT-EventQueue-0] (fOX:2008) - Custom texture loaded : file:/home/USER/.config/Ankama/Wakfu/./themes/theme_Ymoka_Nightflow/theme/images/itemsRarityBorders/souvenir.png
 INFO 14:29:04,132 [AWT-EventQueue-0] (fOX:2008) - Custom texture loaded : file:/home/USER/.config/Ankama/Wakfu/./themes/theme_Ymoka_Nightflow/theme/images/itemsRarityBorders/epic.png
 INFO 14:29:04,132 [AWT-EventQueue-0] (fOX:2008) - Custom texture loaded : file:/home/USER/.config/Ankama/Wakfu/./themes/theme_Ymoka_Nightflow/theme/images/l_flag.png
 INFO 14:29:04,132 [AWT-EventQueue-0] (fOX:2008) - Custom texture loaded : file:/home/USER/.config/Ankama/Wakfu/./themes/theme_Ymoka_Nightflow/theme/images/dungeonGameplay/0.png
 INFO 14:29:04,132 [AWT-EventQueue-0] (fOX:2008) - Custom texture loaded : file:/home/USER/.config/Ankama/Wakfu/./themes/theme_Ymoka_Nightflow/theme/images/dungeonGameplay/1.png
 INFO 14:29:04,132 [AWT-EventQueue-0] (fOX:2008) - Custom texture loaded : file:/home/USER/.config/Ankama/Wakfu/./themes/theme_Ymoka_Nightflow/theme/images/dungeonGameplay/2.png
 INFO 14:29:04,133 [AWT-EventQueue-0] (fOX:2008) - Custom texture loaded : file:/home/USER/.config/Ankama/Wakfu/./themes/theme_Ymoka_Nightflow/theme/images/dungeonGameplay/3.png
 INFO 14:29:04,133 [AWT-EventQueue-0] (fOX:2008) - Custom texture loaded : file:/home/USER/.config/Ankama/Wakfu/./themes/theme_Ymoka_Nightflow/theme/images/dungeonGameplay/4.png
 INFO 14:29:04,133 [AWT-EventQueue-0] (fOX:2008) - Custom texture loaded : file:/home/USER/.config/Ankama/Wakfu/./themes/theme_Ymoka_Nightflow/theme/images/dungeonGameplay/5.png
 INFO 14:29:04,133 [AWT-EventQueue-0] (fOX:2008) - Custom texture loaded : file:/home/USER/.config/Ankama/Wakfu/./themes/theme_Ymoka_Nightflow/theme/images/dungeonGameplay/6.png
 INFO 14:29:04,134 [AWT-EventQueue-0] (fOX:2008) - Custom texture loaded : file:/home/USER/.config/Ankama/Wakfu/./themes/theme_Ymoka_Nightflow/theme/images/unidentifiedItem.png
 INFO 14:29:04,400 [AWT-EventQueue-0] (ayh:271) - Renderer.init started
 INFO 14:29:04,400 [AWT-EventQueue-0] (aye:40) - ------- GL dump ---------
 INFO 14:29:04,400 [AWT-EventQueue-0] (aye:51) - GL_PROFILE : GL4bc
 INFO 14:29:04,401 [AWT-EventQueue-0] (aye:53) - GL_RENDERER : NVIDIA GeForce RTX 3070 Ti/PCIe/SSE2
 INFO 14:29:04,401 [AWT-EventQueue-0] (aye:54) - GL_VENDOR : NVIDIA Corporation
 INFO 14:29:04,401 [AWT-EventQueue-0] (aye:55) - GL_VERSION : 4.6.0 NVIDIA 610.57.04
 INFO 14:29:04,401 [AWT-EventQueue-0] (aye:57) - GL_DEPTH_TEST = false
 INFO 14:29:04,401 [AWT-EventQueue-0] (aye:58) - GL_SCISSOR_TEST = false
 INFO 14:29:04,401 [AWT-EventQueue-0] (aye:59) - GL_ALPHA_TEST = false
 INFO 14:29:04,401 [AWT-EventQueue-0] (aye:61) - GL_STENCIL_TEST = false;  Stencil depth = 8 bits
 INFO 14:29:04,401 [AWT-EventQueue-0] (aye:62) - GL_CULL_FACE = false
 INFO 14:29:04,402 [AWT-EventQueue-0] (aye:65) - GL_VIEWPORT = [0;0] - [1712;1374]
 INFO 14:29:04,403 [AWT-EventQueue-0] (aye:68) - GL_SCISSOR_BOX = [0;0] - [1712;1374]
 INFO 14:29:04,403 [AWT-EventQueue-0] (aye:70) - GL_MAX_ELEMENTS_INDICES = 1048576
 INFO 14:29:04,403 [AWT-EventQueue-0] (aye:72) - GL_MAX_ELEMENTS_VERTICES = 1048576
 INFO 14:29:04,403 [AWT-EventQueue-0] (aye:75) - GL SHADING LANGUAGE VERSION SUPPORTED = 4.60 NVIDIA
 INFO 14:29:04,404 [AWT-EventQueue-0] (ayh:341) - Using GLSL shaders
 INFO 14:29:04,404 [AWT-EventQueue-0] (ayh:345) - Renderer.init ended
 INFO 14:29:04,485 [AWT-EventQueue-0] (aIC:64) - UI scale option value = 0
 INFO 14:29:04,485 [AWT-EventQueue-0] (aIC:66) - OS screen scale = 1.0
 INFO 14:29:04,488 [AWT-EventQueue-0] (avx:37) - Initializing hardware tests...
 INFO 14:29:04,509 [AWT-EventQueue-0] (avx:52) - Testing supported features...
 INFO 14:29:04,510 [AWT-EventQueue-0] (avx:63) - 	* GL render targets... supported !
 INFO 14:29:04,510 [AWT-EventQueue-0] (avx:63) - 	* GL texture compression... supported !
 INFO 14:29:04,510 [AWT-EventQueue-0] (avx:63) - 	* GL texture non power of two... supported !
 INFO 14:29:04,510 [AWT-EventQueue-0] (avx:63) - 	* GL multi-sampling... supported !
 INFO 14:29:04,510 [AWT-EventQueue-0] (avx:63) - 	* GL multi-texturing... supported !
 INFO 14:29:04,510 [AWT-EventQueue-0] (avx:63) - 	* GL fragment shaders... supported !
 INFO 14:29:04,511 [AWT-EventQueue-0] (avx:63) - 	* GL vertex shaders... supported !
 INFO 14:29:04,511 [AWT-EventQueue-0] (avx:63) - 	* GL compressed text image 2d fonction... supported !
 INFO 14:29:04,519 [AWT-EventQueue-0] (avx:63) - 	* Basic Vsync (0-1)... supported !
 INFO 14:29:04,521 [AWT-EventQueue-0] (avx:63) - 	* Adaptive Vsync swap control (-1 value)... not supported !
 INFO 14:29:04,521 [AWT-EventQueue-0] (avx:63) - 	* OpenGL Shading language version is 120 or higher... supported !
 INFO 14:29:04,521 [AWT-EventQueue-0] (avx:63) - 	* OpenGL driver in use are faulty AMD Adrenalin driver... not supported !
 INFO 14:29:04,521 [AWT-EventQueue-0] (avx:63) - 	* AL debug Extension... supported !
 INFO 14:29:04,521 [AWT-EventQueue-0] (avx:63) - 	* AL effects... supported !
 INFO 14:29:04,521 [AWT-EventQueue-0] (avx:63) - 	* AL filters... supported !
 INFO 14:29:04,521 [AWT-EventQueue-0] (avx:63) - 	* ALC Enumeration Extension... supported !
 INFO 14:29:04,522 [AWT-EventQueue-0] (avx:63) - 	* ALC Enumerate All Extension... supported !
 INFO 14:29:04,522 [AWT-EventQueue-0] (avx:63) - 	* AL SOFT events Extension... supported !
 INFO 14:29:04,522 [AWT-EventQueue-0] (avx:63) - 	* ALC Soft system events Extension... supported !
 INFO 14:29:04,522 [AWT-EventQueue-0] (avx:63) - 	* ALC Soft default playback device change event support... supported !
 INFO 14:29:04,522 [AWT-EventQueue-0] (avx:63) - 	* ALC Soft HRTF Extension... supported !
 INFO 14:29:04,522 [AWT-EventQueue-0] (avx:63) - 	* ALC Soft Output mode Extension... supported !
 INFO 14:29:04,522 [AWT-EventQueue-0] (avx:63) - 	* ALC Soft reopen device Extension... supported !
 INFO 14:29:04,522 [AWT-EventQueue-0] (avx:72) - Cleaning up hardware tests...
 INFO 14:29:04,564 [AWT-EventQueue-0] (aHV:863) - ------- AL dump ---------
 INFO 14:29:04,606 [SimpleBinaryStorage] (aqb:191) - BinaryStorage started Thread[#60,SimpleBinaryStorage,5,main]
 INFO 14:29:04,660 [AWT-EventQueue-0] (aHV:865) - AL_VENDOR      OpenAL Community
 INFO 14:29:04,660 [AWT-EventQueue-0] (aHV:865) - AL_RENDERER    OpenAL Soft
 INFO 14:29:04,660 [AWT-EventQueue-0] (aHV:865) - AL_VERSION     1.1 (1.1 ALSOFT 1.24.3)
 INFO 14:29:04,660 [AWT-EventQueue-0] (aHV:865) - AL_VENDOR_VERS 1.24.3 (ALSOFT 1.24.3)
 INFO 14:29:04,660 [AWT-EventQueue-0] (aHV:865) - AL_EXTENSIONS  AL_EXT_ALAW AL_EXT_BFORMAT AL_EXT_debug AL_EXT_direct_context AL_EXT_DOUBLE AL_EXT_EXPONENT_DISTANCE AL_EXT_FLOAT32 AL_EXT_IMA4 AL_EXT_LINEAR_DISTANCE AL_EXT_MCFORMATS AL_EXT_MULAW AL_EXT_MULAW_BFORMAT AL_EXT_MULAW_MCFORMATS AL_EXT_OFFSET AL_EXT_source_distance_model AL_EXT_SOURCE_RADIUS AL_EXT_STATIC_BUFFER AL_EXT_STEREO_ANGLES AL_LOKI_quadriphonic AL_SOFT_bformat_ex AL_SOFT_bformat_hoa AL_SOFT_block_alignment AL_SOFT_buffer_length_query AL_SOFT_callback_buffer AL_SOFTX_convolution_effect AL_SOFT_deferred_updates AL_SOFT_direct_channels AL_SOFT_direct_channels_remix AL_SOFT_effect_target AL_SOFT_events AL_SOFT_gain_clamp_ex AL_SOFTX_hold_on_disconnect AL_SOFT_loop_points AL_SOFTX_map_buffer AL_SOFT_MSADPCM AL_SOFT_source_latency AL_SOFT_source_length AL_SOFTX_source_panning AL_SOFT_source_resampler AL_SOFT_source_spatialize AL_SOFT_source_start_delay AL_SOFT_UHJ AL_SOFT_UHJ_ex
 INFO 14:29:04,660 [AWT-EventQueue-0] (aHV:865) - ALC_VERSION     1.1
 INFO 14:29:04,660 [AWT-EventQueue-0] (aHV:865) - ALC_DEF_OUTPUT (With ALC_ENUMERATION_EXT) OpenAL Soft
 INFO 14:29:04,660 [AWT-EventQueue-0] (aHV:865) - ALC_DEF_OUTPUT (With ALC_ENUMERATE_ALL_EXT) WH-1000XM4
 INFO 14:29:04,661 [AWT-EventQueue-0] (aHV:865) - ALC_DEF_CAPTURE HD Pro Webcam C920 Analog Stereo
 INFO 14:29:04,661 [AWT-EventQueue-0] (aHV:865) - ALC_SOFT_system_events supported
 INFO 14:29:04,661 [AWT-EventQueue-0] (aHV:865) -     ALC_EVENT_TYPE_DEVICE_ADDED_SOFT event for playback devices is supported
 INFO 14:29:04,661 [AWT-EventQueue-0] (aHV:865) -     ALC_EVENT_TYPE_DEVICE_ADDED_SOFT event for capture devices is supported
 INFO 14:29:04,661 [AWT-EventQueue-0] (aHV:865) -     ALC_EVENT_TYPE_DEVICE_REMOVED_SOFT event for playback devices is supported
 INFO 14:29:04,661 [AWT-EventQueue-0] (aHV:865) -     ALC_EVENT_TYPE_DEVICE_REMOVED_SOFT event for capture devices is supported
 INFO 14:29:04,661 [AWT-EventQueue-0] (aHV:865) -     ALC_EVENT_TYPE_DEFAULT_DEVICE_CHANGED_SOFT event for playback devices is supported
 INFO 14:29:04,661 [AWT-EventQueue-0] (aHV:865) -     ALC_EVENT_TYPE_DEFAULT_DEVICE_CHANGED_SOFT event for capture devices is supported
 INFO 14:29:04,661 [AWT-EventQueue-0] (aHV:865) - Output devices (With ALC_ENUMERATE_ALL_EXT):
 INFO 14:29:04,661 [AWT-EventQueue-0] (aHV:865) -     WH-1000XM4, output, default true, mixer[freq 48000, refresh 93 (min latency 10.752688 ms)], sources[mono 255, stereo 1]
 INFO 14:29:04,661 [AWT-EventQueue-0] (aHV:865) -     Yeti Stereo Microphone Analog Stereo, output, default false, mixer[freq 48000, refresh 93 (min latency 10.752688 ms)], sources[mono 255, stereo 1]
 INFO 14:29:04,662 [AWT-EventQueue-0] (aHV:865) -     GA104 High Definition Audio Controller Digital Stereo (HDMI), output, default false, mixer[freq 48000, refresh 93 (min latency 10.752688 ms)], sources[mono 255, stereo 1]
 INFO 14:29:04,662 [AWT-EventQueue-0] (aHV:865) -     Starship/Matisse HD Audio Controller Digital Stereo (IEC958), output, default false, mixer[freq 48000, refresh 93 (min latency 10.752688 ms)], sources[mono 255, stereo 1]
 INFO 14:29:04,662 [AWT-EventQueue-0] (aHV:865) - Output devices (With ALC_ENUMERATION_EXT):
 INFO 14:29:04,662 [AWT-EventQueue-0] (aHV:865) -     OpenAL Soft, output, default true, mixer[freq 48000, refresh 93 (min latency 10.752688 ms)], sources[mono 255, stereo 1]
 INFO 14:29:04,662 [AWT-EventQueue-0] (aHV:865) - Capture devices:
 INFO 14:29:04,662 [AWT-EventQueue-0] (aHV:865) -     HD Pro Webcam C920 Analog Stereo, input, default true
 INFO 14:29:04,662 [AWT-EventQueue-0] (aHV:865) -     Monitor of Yeti Stereo Microphone Analog Stereo, input, default false
 INFO 14:29:04,662 [AWT-EventQueue-0] (aHV:865) -     Yeti Stereo Microphone Analog Stereo, input, default false
 INFO 14:29:04,662 [AWT-EventQueue-0] (aHV:865) -     Monitor of GA104 High Definition Audio Controller Digital Stereo (HDMI), input, default false
 INFO 14:29:04,662 [AWT-EventQueue-0] (aHV:865) -     Monitor of Starship/Matisse HD Audio Controller Digital Stereo (IEC958), input, default false
 INFO 14:29:04,662 [AWT-EventQueue-0] (aHV:865) -     Starship/Matisse HD Audio Controller Analog Stereo, input, default false
 INFO 14:29:04,663 [AWT-EventQueue-0] (aHV:865) -     Monitor of WH-1000XM4, input, default false
 INFO 14:29:04,663 [AWT-EventQueue-0] (aHV:865) -     WH-1000XM4, input, default false
 INFO 14:29:04,663 [AWT-EventQueue-0] (aHV:867) - HRTF Status : disabled
 INFO 14:29:04,664 [AWT-EventQueue-0] (aHV:868) - Output Mode Status : Basic 2-channel mixing (e.g. pan-pot)
 INFO 14:29:04,666 [AWT-EventQueue-0] (aHV:869) - Current context attributes : {4104=>93, 4096=>1, 6555=>3, 131075=>2, 131074=>0, 4103=>48000, 131073=>1, 4105=>0, 4097=>1, 6554=>0, 6572=>6574, 6547=>0, 6546=>0, 4113=>1, 4112=>255}
 INFO 14:29:04,667 [AWT-EventQueue-0] (aHV:773) - Current sound context has debug output disabled.
 INFO 14:29:04,667 [Initialization-Tasks-0] (aIG:633) - Loading embedded DayLight file.
ERROR 14:29:04,667 [Initialization-Tasks-0] (aIG:639) - Le dayLight file n'est pas trouvable, on utilise celui par défaut
 INFO 14:29:04,686 [AWT-EventQueue-0] (aHV:695) - Switch to following device : WH-1000XM4 (default device) - source : contextSwitch
 INFO 14:29:04,686 [AWT-EventQueue-0] (aHV:296) - Max available sources : 255
 INFO 14:29:04,686 [AWT-EventQueue-0] (aHV:702) - HRTF Status : disabled
 INFO 14:29:04,686 [AWT-EventQueue-0] (aHV:703) - Output Mode Status : Basic 2-channel mixing (e.g. pan-pot)
 INFO 14:29:04,686 [AWT-EventQueue-0] (aHV:704) - Current contexts attributes : {4104=>93, 4096=>1, 6555=>3, 131075=>2, 131074=>0, 4103=>48000, 131073=>1, 4105=>0, 4097=>1, 6554=>0, 6572=>6574, 6547=>0, 6546=>0, 4113=>1, 4112=>255}
 INFO 14:29:04,701 [SoundManager] (aHV:954) - SoundManager running
 INFO 14:29:05,057 [Initialization-Tasks-0] (bcT:54) - Default mode. Retrieve class eBy
 INFO 14:29:05,058 [pool-5-thread-1] (eBr:121) - connect(ENV_VARIABLES)
 INFO 14:29:05,068 [pool-5-thread-1] (bcU:60) - Connected to Zaap. Starting class eBy fill
 INFO 14:29:05,070 [pool-6-thread-1] (eBr:197) - User info received from Zaap
 INFO 14:29:05,074 [pool-6-thread-1] (bcV:65) - class eBy fetched
 WARN 14:29:05,123 [Initialization-Tasks-0] (ME:157) - Unable to get value for key 
 WARN 14:29:06,506 [Initialization-Tasks-0] (ME:157) - Unable to get value for key content.15.9988
 WARN 14:29:06,585 [Initialization-Tasks-0] (ME:157) - Unable to get value for key content.15.13846
 WARN 14:29:06,586 [Initialization-Tasks-0] (ME:157) - Unable to get value for key content.15.13847
 WARN 14:29:06,586 [Initialization-Tasks-0] (ME:157) - Unable to get value for key content.15.13848
 WARN 14:29:06,587 [Initialization-Tasks-0] (ME:157) - Unable to get value for key content.15.14022
 WARN 14:29:06,588 [Initialization-Tasks-0] (ME:157) - Unable to get value for key content.15.14027
 WARN 14:29:06,608 [Initialization-Tasks-0] (ME:157) - Unable to get value for key content.15.14958
 WARN 14:29:06,655 [Initialization-Tasks-0] (ME:157) - Unable to get value for key content.15.17655
 WARN 14:29:06,709 [Initialization-Tasks-0] (ME:157) - Unable to get value for key content.15.20924
 WARN 14:29:06,709 [Initialization-Tasks-0] (ME:157) - Unable to get value for key content.15.20925
 WARN 14:29:06,798 [Initialization-Tasks-0] (ME:157) - Unable to get value for key content.15.24281
 WARN 14:29:06,799 [Initialization-Tasks-0] (ME:157) - Unable to get value for key content.15.24282
 WARN 14:29:06,799 [Initialization-Tasks-0] (ME:157) - Unable to get value for key content.15.24283
 WARN 14:29:06,799 [Initialization-Tasks-0] (ME:157) - Unable to get value for key content.15.24284
 WARN 14:29:06,952 [Initialization-Tasks-0] (ME:157) - Unable to get value for key content.15.29575
 WARN 14:29:06,952 [Initialization-Tasks-0] (ME:157) - Unable to get value for key content.15.29577
 WARN 14:29:06,964 [Initialization-Tasks-0] (ME:157) - Unable to get value for key content.15.30000
 WARN 14:29:06,992 [Initialization-Tasks-0] (ME:157) - Unable to get value for key content.15.31127
 WARN 14:29:07,001 [Initialization-Tasks-0] (ME:157) - Unable to get value for key content.15.31479
 WARN 14:29:07,005 [Initialization-Tasks-0] (ME:157) - Unable to get value for key content.15.31572
 WARN 14:29:07,007 [Initialization-Tasks-0] (ME:157) - Unable to get value for key content.15.31754
 WARN 14:29:07,021 [Initialization-Tasks-0] (ME:157) - Unable to get value for key content.15.32119
 WARN 14:29:07,021 [Initialization-Tasks-0] (ME:157) - Unable to get value for key content.15.32120
 WARN 14:29:07,021 [Initialization-Tasks-0] (ME:157) - Unable to get value for key content.15.32121
 WARN 14:29:07,021 [Initialization-Tasks-0] (ME:157) - Unable to get value for key content.15.32122
 WARN 14:29:07,021 [Initialization-Tasks-0] (ME:157) - Unable to get value for key content.15.32123
 WARN 14:29:07,021 [Initialization-Tasks-0] (ME:157) - Unable to get value for key content.15.32124
 WARN 14:29:07,021 [Initialization-Tasks-0] (ME:157) - Unable to get value for key content.15.32125
 WARN 14:29:07,021 [Initialization-Tasks-0] (ME:157) - Unable to get value for key content.15.32126
 WARN 14:29:07,021 [Initialization-Tasks-0] (ME:157) - Unable to get value for key content.15.32127
 WARN 14:29:07,021 [Initialization-Tasks-0] (ME:157) - Unable to get value for key content.15.32128
 WARN 14:29:07,022 [Initialization-Tasks-0] (ME:157) - Unable to get value for key content.15.32129
 WARN 14:29:07,022 [Initialization-Tasks-0] (ME:157) - Unable to get value for key content.15.32130
 WARN 14:29:07,022 [Initialization-Tasks-0] (ME:157) - Unable to get value for key content.15.32131
 WARN 14:29:07,022 [Initialization-Tasks-0] (ME:157) - Unable to get value for key content.15.32132
 WARN 14:29:07,022 [Initialization-Tasks-0] (ME:157) - Unable to get value for key content.15.32133
 WARN 14:29:07,022 [Initialization-Tasks-0] (ME:157) - Unable to get value for key content.15.32134
 WARN 14:29:07,022 [Initialization-Tasks-0] (ME:157) - Unable to get value for key content.15.32135
 WARN 14:29:07,022 [Initialization-Tasks-0] (ME:157) - Unable to get value for key content.15.32136
 WARN 14:29:07,022 [Initialization-Tasks-0] (ME:157) - Unable to get value for key content.15.32137
 WARN 14:29:07,022 [Initialization-Tasks-0] (ME:157) - Unable to get value for key content.15.32138
 WARN 14:29:07,022 [Initialization-Tasks-0] (ME:157) - Unable to get value for key content.15.32139
 WARN 14:29:07,022 [Initialization-Tasks-0] (ME:157) - Unable to get value for key content.15.32140
 WARN 14:29:07,022 [Initialization-Tasks-0] (ME:157) - Unable to get value for key content.15.32141
 WARN 14:29:07,022 [Initialization-Tasks-0] (ME:157) - Unable to get value for key content.15.32142
 WARN 14:29:07,022 [Initialization-Tasks-0] (ME:157) - Unable to get value for key content.15.32143
 WARN 14:29:07,023 [Initialization-Tasks-0] (ME:157) - Unable to get value for key content.15.32144
 WARN 14:29:07,023 [Initialization-Tasks-0] (ME:157) - Unable to get value for key content.15.32145
 WARN 14:29:07,023 [Initialization-Tasks-0] (ME:157) - Unable to get value for key content.15.32146
 WARN 14:29:07,023 [Initialization-Tasks-0] (ME:157) - Unable to get value for key content.15.32147
 WARN 14:29:07,023 [Initialization-Tasks-0] (ME:157) - Unable to get value for key content.15.32148
 WARN 14:29:07,023 [Initialization-Tasks-0] (ME:157) - Unable to get value for key content.15.32149
 WARN 14:29:07,023 [Initialization-Tasks-0] (ME:157) - Unable to get value for key content.15.32150
 WARN 14:29:07,023 [Initialization-Tasks-0] (ME:157) - Unable to get value for key content.15.32151
 WARN 14:29:07,023 [Initialization-Tasks-0] (ME:157) - Unable to get value for key content.15.32152
 WARN 14:29:07,023 [Initialization-Tasks-0] (ME:157) - Unable to get value for key content.15.32154
 WARN 14:29:07,023 [Initialization-Tasks-0] (ME:157) - Unable to get value for key content.15.32155
 WARN 14:29:07,023 [Initialization-Tasks-0] (ME:157) - Unable to get value for key content.15.32156
 WARN 14:29:07,023 [Initialization-Tasks-0] (ME:157) - Unable to get value for key content.15.32157
 WARN 14:29:07,023 [Initialization-Tasks-0] (ME:157) - Unable to get value for key content.15.32158
 WARN 14:29:07,023 [Initialization-Tasks-0] (ME:157) - Unable to get value for key content.15.32159
 WARN 14:29:07,023 [Initialization-Tasks-0] (ME:157) - Unable to get value for key content.15.32160
 WARN 14:29:07,024 [Initialization-Tasks-0] (ME:157) - Unable to get value for key content.15.32161
 WARN 14:29:07,024 [Initialization-Tasks-0] (ME:157) - Unable to get value for key content.15.32162
 WARN 14:29:07,024 [Initialization-Tasks-0] (ME:157) - Unable to get value for key content.15.32163
 WARN 14:29:07,027 [Initialization-Tasks-0] (ME:157) - Unable to get value for key content.15.32260
 WARN 14:29:07,027 [Initialization-Tasks-0] (ME:157) - Unable to get value for key content.15.32262
 WARN 14:29:07,027 [Initialization-Tasks-0] (ME:157) - Unable to get value for key content.15.32263
 WARN 14:29:07,027 [Initialization-Tasks-0] (ME:157) - Unable to get value for key content.15.32265
 WARN 14:29:07,036 [Initialization-Tasks-0] (ME:157) - Unable to get value for key content.15.32659
 WARN 14:29:07,037 [Initialization-Tasks-0] (ME:157) - Unable to get value for key content.15.32660
 WARN 14:29:07,037 [Initialization-Tasks-0] (ME:157) - Unable to get value for key content.15.32664
 WARN 14:29:07,037 [Initialization-Tasks-0] (ME:157) - Unable to get value for key content.15.32665
 WARN 14:29:07,039 [Initialization-Tasks-0] (ME:157) - Unable to get value for key content.15.32899
 WARN 14:29:07,040 [Initialization-Tasks-0] (ME:157) - Unable to get value for key content.15.32937
 WARN 14:29:07,040 [Initialization-Tasks-0] (ME:157) - Unable to get value for key content.15.32943
 WARN 14:29:07,041 [Initialization-Tasks-0] (ME:157) - Unable to get value for key content.15.33000
 WARN 14:29:07,411 [Initialization-Tasks-0] (aqJ:72) - Pas de aPl existant. id=8522
java.lang.Exception
	at aqJ.a(SourceFile:72)
	at aqK.a(SourceFile:79)
	at aqN.tQ(SourceFile:20)
	at bQi.IJ(SourceFile:44)
	at blP.dx(SourceFile:172)
	at bbU.a(SourceFile:106)
	at bbU.a(SourceFile:52)
	at bbU.f(SourceFile:43)
	at aqJ.a(SourceFile:100)
	at aqK.a(SourceFile:73)
	at bbU.a(SourceFile:42)
	at WW.d(SourceFile:436)
	at java.base/java.util.concurrent.Executors$RunnableAdapter.call(Unknown Source)
	at java.base/java.util.concurrent.FutureTask.run(Unknown Source)
	at java.base/java.util.concurrent.ThreadPoolExecutor.runWorker(Unknown Source)
	at java.base/java.util.concurrent.ThreadPoolExecutor$Worker.run(Unknown Source)
	at java.base/java.lang.Thread.run(Unknown Source)
 WARN 14:29:07,413 [Initialization-Tasks-0] (aqJ:72) - Pas de aPl existant. id=8523
java.lang.Exception
	at aqJ.a(SourceFile:72)
	at aqK.a(SourceFile:79)
	at aqN.tQ(SourceFile:20)
	at bQi.IJ(SourceFile:44)
	at blP.dx(SourceFile:172)
	at bbU.a(SourceFile:106)
	at bbU.a(SourceFile:52)
	at bbU.f(SourceFile:43)
	at aqJ.a(SourceFile:100)
	at aqK.a(SourceFile:73)
	at bbU.a(SourceFile:42)
	at WW.d(SourceFile:436)
	at java.base/java.util.concurrent.Executors$RunnableAdapter.call(Unknown Source)
	at java.base/java.util.concurrent.FutureTask.run(Unknown Source)
	at java.base/java.util.concurrent.ThreadPoolExecutor.runWorker(Unknown Source)
	at java.base/java.util.concurrent.ThreadPoolExecutor$Worker.run(Unknown Source)
	at java.base/java.lang.Thread.run(Unknown Source)
 WARN 14:29:07,414 [Initialization-Tasks-0] (aqJ:72) - Pas de aPl existant. id=8520
java.lang.Exception
	at aqJ.a(SourceFile:72)
	at aqK.a(SourceFile:79)
	at aqN.tQ(SourceFile:20)
	at bQi.IJ(SourceFile:44)
	at blP.dx(SourceFile:172)
	at bbU.a(SourceFile:106)
	at bbU.a(SourceFile:52)
	at bbU.f(SourceFile:43)
	at aqJ.a(SourceFile:100)
	at aqK.a(SourceFile:73)
	at bbU.a(SourceFile:42)
	at WW.d(SourceFile:436)
	at java.base/java.util.concurrent.Executors$RunnableAdapter.call(Unknown Source)
	at java.base/java.util.concurrent.FutureTask.run(Unknown Source)
	at java.base/java.util.concurrent.ThreadPoolExecutor.runWorker(Unknown Source)
	at java.base/java.util.concurrent.ThreadPoolExecutor$Worker.run(Unknown Source)
	at java.base/java.lang.Thread.run(Unknown Source)
 WARN 14:29:07,414 [Initialization-Tasks-0] (aqJ:72) - Pas de aPl existant. id=8521
java.lang.Exception
	at aqJ.a(SourceFile:72)
	at aqK.a(SourceFile:79)
	at aqN.tQ(SourceFile:20)
	at bQi.IJ(SourceFile:44)
	at blP.dx(SourceFile:172)
	at bbU.a(SourceFile:106)
	at bbU.a(SourceFile:52)
	at bbU.f(SourceFile:43)
	at aqJ.a(SourceFile:100)
	at aqK.a(SourceFile:73)
	at bbU.a(SourceFile:42)
	at WW.d(SourceFile:436)
	at java.base/java.util.concurrent.Executors$RunnableAdapter.call(Unknown Source)
	at java.base/java.util.concurrent.FutureTask.run(Unknown Source)
	at java.base/java.util.concurrent.ThreadPoolExecutor.runWorker(Unknown Source)
	at java.base/java.util.concurrent.ThreadPoolExecutor$Worker.run(Unknown Source)
	at java.base/java.lang.Thread.run(Unknown Source)
 WARN 14:29:07,414 [Initialization-Tasks-0] (aqJ:72) - Pas de aPl existant. id=8524
java.lang.Exception
	at aqJ.a(SourceFile:72)
	at aqK.a(SourceFile:79)
	at aqN.tQ(SourceFile:20)
	at bQi.IJ(SourceFile:44)
	at blP.dx(SourceFile:172)
	at bbU.a(SourceFile:106)
	at bbU.a(SourceFile:52)
	at bbU.f(SourceFile:43)
	at aqJ.a(SourceFile:100)
	at aqK.a(SourceFile:73)
	at bbU.a(SourceFile:42)
	at WW.d(SourceFile:436)
	at java.base/java.util.concurrent.Executors$RunnableAdapter.call(Unknown Source)
	at java.base/java.util.concurrent.FutureTask.run(Unknown Source)
	at java.base/java.util.concurrent.ThreadPoolExecutor.runWorker(Unknown Source)
	at java.base/java.util.concurrent.ThreadPoolExecutor$Worker.run(Unknown Source)
	at java.base/java.lang.Thread.run(Unknown Source)
 WARN 14:29:07,414 [Initialization-Tasks-0] (aqJ:72) - Pas de aPl existant. id=8525
java.lang.Exception
	at aqJ.a(SourceFile:72)
	at aqK.a(SourceFile:79)
	at aqN.tQ(SourceFile:20)
	at bQi.IJ(SourceFile:44)
	at blP.dx(SourceFile:172)
	at bbU.a(SourceFile:106)
	at bbU.a(SourceFile:52)
	at bbU.f(SourceFile:43)
	at aqJ.a(SourceFile:100)
	at aqK.a(SourceFile:73)
	at bbU.a(SourceFile:42)
	at WW.d(SourceFile:436)
	at java.base/java.util.concurrent.Executors$RunnableAdapter.call(Unknown Source)
	at java.base/java.util.concurrent.FutureTask.run(Unknown Source)
	at java.base/java.util.concurrent.ThreadPoolExecutor.runWorker(Unknown Source)
	at java.base/java.util.concurrent.ThreadPoolExecutor$Worker.run(Unknown Source)
	at java.base/java.lang.Thread.run(Unknown Source)
ERROR 14:29:07,933 [Initialization-Tasks-0] (cdU:43) - l'element 61792 n'a pas été exporté
ERROR 14:29:07,934 [Initialization-Tasks-0] (cdU:43) - l'element 61791 n'a pas été exporté
ERROR 14:29:07,934 [Initialization-Tasks-0] (cdU:43) - l'element 61792 n'a pas été exporté
ERROR 14:29:07,934 [Initialization-Tasks-0] (cdU:43) - l'element 61789 n'a pas été exporté
ERROR 14:29:07,934 [Initialization-Tasks-0] (cdU:43) - l'element 22077 n'a pas été exporté
ERROR 14:29:07,934 [Initialization-Tasks-0] (cdU:43) - l'element 61790 n'a pas été exporté
ERROR 14:29:07,934 [Initialization-Tasks-0] (cdU:43) - l'element 61788 n'a pas été exporté
ERROR 14:29:07,934 [Initialization-Tasks-0] (cdU:43) - l'element 61790 n'a pas été exporté
ERROR 14:29:07,953 [Initialization-Tasks-0] (cdU:43) - l'element 61792 n'a pas été exporté
ERROR 14:29:07,954 [Initialization-Tasks-0] (cdU:43) - l'element 61791 n'a pas été exporté
ERROR 14:29:07,954 [Initialization-Tasks-0] (cdU:43) - l'element 61792 n'a pas été exporté
ERROR 14:29:07,954 [Initialization-Tasks-0] (cdU:43) - l'element 61789 n'a pas été exporté
ERROR 14:29:07,954 [Initialization-Tasks-0] (cdU:43) - l'element 22077 n'a pas été exporté
ERROR 14:29:07,954 [Initialization-Tasks-0] (cdU:43) - l'element 61790 n'a pas été exporté
ERROR 14:29:07,954 [Initialization-Tasks-0] (cdU:43) - l'element 61788 n'a pas été exporté
ERROR 14:29:07,954 [Initialization-Tasks-0] (cdU:43) - l'element 61790 n'a pas été exporté
 INFO 14:29:07,980 [Initialization-Tasks-0] (bcs:43) - Default mode. Starting connection to Zaap
 INFO 14:29:07,981 [pool-7-thread-1] (eBr:121) - connect(ENV_VARIABLES)
 INFO 14:29:07,986 [pool-7-thread-1] (bct:48) - Connected to Zaap. Starting token fill
 INFO 14:29:08,086 [pool-8-thread-1] (eBr:162) - Token received from Zaap
 INFO 14:29:08,087 [pool-8-thread-1] (bcu:52) - Token obtained from Zaap. Starting autologin
 INFO 14:29:08,224 [AWT-EventQueue-0] (cgd:71) - Raison de la déconnection de l'entité -1 : 39
 INFO 14:29:08,226 [AWT-EventQueue-0] (aVj:62) - Connexion au proxy :wakfu-dispatcher.ankama-games.com:5558 / ssl : true
 INFO 14:29:08,540 [Net-Cnx-wakfu-dispatcher.ankama-games.com:5558>0] (cgf:135) - onNewConnection ChannelHandlerContext(aVk#0, [id: 0x39a6780d, L:/IP-LOCALE:47634 - R:wakfu-dispatcher.ankama-games.com/63.35.43.149:5558])
 INFO 14:29:09,048 [AWT-EventQueue-0] (cgp:375) - Authentication result 0
 WARN 14:29:09,317 [AWT-EventQueue-0] (ME:157) - Unable to get value for key server.group.9
 WARN 14:29:09,320 [AWT-EventQueue-0] (ME:157) - Unable to get value for key server.group.10
 WARN 14:29:09,321 [AWT-EventQueue-0] (ME:157) - Unable to get value for key server.group.20
 WARN 14:29:09,336 [AWT-EventQueue-0] (ME:157) - Unable to get value for key server.group.9
 WARN 14:29:09,337 [AWT-EventQueue-0] (ME:157) - Unable to get value for key server.group.10
 WARN 14:29:09,337 [AWT-EventQueue-0] (ME:157) - Unable to get value for key server.group.20
 INFO 14:29:11,523 [AWT-EventQueue-0] (cgp:360) - Authentication token received from dispatch server : 3da13cf7-1713-40fd-96c2-b0b507ab1570 errorCode=0
 INFO 14:29:11,526 [AWT-EventQueue-0] (aVv:664) - Sending DisconnectionMessage to Servers. Reason : {Dispatch}
 INFO 14:29:11,526 [AWT-EventQueue-0] (cgd:71) - Raison de la déconnection de l'entité -1 : 39
 INFO 14:29:11,527 [AWT-EventQueue-0] (aVj:62) - Connexion au proxy :wakfu-pandora.ankama-games.com:5556 / ssl : true
 INFO 14:29:11,531 [Net-Cnx-wakfu-dispatcher.ankama-games.com:5558>0] (cgf:43) - Connexion avec le serveur perdue ChannelHandlerContext(aVk#0, [id: 0x39a6780d, L:/IP-LOCALE:47634 ! R:wakfu-dispatcher.ankama-games.com/63.35.43.149:5558])
 INFO 14:29:11,626 [Net-Cnx-wakfu-pandora.ankama-games.com:5556>0] (cgf:135) - onNewConnection ChannelHandlerContext(aVk#0, [id: 0xef2edb0a, L:/IP-LOCALE:45214 - R:wakfu-pandora.ankama-games.com/34.241.166.4:5556])
ERROR 14:29:11,891 [OkHttp https://haapi.ankama.com/...] (aZw:49) - [CHAT] Error 403 requesting Chat token : {"status":403,"message":"Unauthorized service '\\Ankama\\Account'"}
 INFO 14:29:12,024 [AWT-EventQueue-0] (cgd:71) - Raison de la déconnection de l'entité -1 : 2
 INFO 14:29:12,081 [AWT-EventQueue-0] (UP:73) - WakfuGameCalendar : adding periodic ClimateUpdateEvent event, period= 12 minutes 
 WARN 14:29:12,251 [AsyncLoader-6] (Gi:59) - Unable to read file:./contents/animations/equipments/equipments.jar!/210320101.anm : JAR entry 210320101.anm not found in ./contents/animations/equipments/equipments.jar
 INFO 14:29:12,270 [AWT-EventQueue-0] (aZO:35) - Receiving companion list
 INFO 14:29:12,272 [AWT-EventQueue-0] (aZO:58) - Companions received : 1
 INFO 14:29:12,381 [OkHttp https://haapi.ankama.com/...] (chq:353) - Device information sent
 INFO 14:29:14,752 [AWT-EventQueue-0] (chk:134) - [NATION] Reception d'un message de synchro de nation demandant l'ajout d'une nouvelle nation : 30
 INFO 14:29:14,753 [AWT-EventQueue-0] (chk:134) - [NATION] Reception d'un message de synchro de nation demandant l'ajout d'une nouvelle nation : 33
 INFO 14:29:14,753 [AWT-EventQueue-0] (chk:134) - [NATION] Reception d'un message de synchro de nation demandant l'ajout d'une nouvelle nation : 32
 INFO 14:29:14,753 [AWT-EventQueue-0] (chk:134) - [NATION] Reception d'un message de synchro de nation demandant l'ajout d'une nouvelle nation : 31
 INFO 14:29:14,759 [AWT-EventQueue-0] (cgx:256) - Received FriendListMessage
 INFO 14:29:14,792 [AWT-EventQueue-0] (ber:407) - Déserialisation des achievements : size=1084
 WARN 14:29:14,793 [AWT-EventQueue-0] (ber:463) - Achievement inexistant : Id=2193
 WARN 14:29:14,793 [AWT-EventQueue-0] (ber:463) - Achievement inexistant : Id=2194
 WARN 14:29:14,793 [AWT-EventQueue-0] (ber:463) - Achievement inexistant : Id=5035
 WARN 14:29:14,821 [AWT-EventQueue-0] (ME:157) - Unable to get value for key content.61.963
 WARN 14:29:14,822 [AWT-EventQueue-0] (ME:157) - Unable to get value for key content.61.963
 WARN 14:29:14,822 [AWT-EventQueue-0] (ME:157) - Unable to get value for key content.61.963
 WARN 14:29:14,822 [AWT-EventQueue-0] (ME:157) - Unable to get value for key content.61.963
 WARN 14:29:14,822 [AWT-EventQueue-0] (ME:157) - Unable to get value for key content.61.963
 WARN 14:29:14,822 [AWT-EventQueue-0] (ME:157) - Unable to get value for key content.61.963
 WARN 14:29:14,822 [AWT-EventQueue-0] (ME:157) - Unable to get value for key content.61.963
 WARN 14:29:14,822 [AWT-EventQueue-0] (ME:157) - Unable to get value for key content.61.963
 WARN 14:29:14,822 [AWT-EventQueue-0] (ME:157) - Unable to get value for key content.61.963
 WARN 14:29:14,822 [AWT-EventQueue-0] (ME:157) - Unable to get value for key content.61.963
 WARN 14:29:14,822 [AWT-EventQueue-0] (ME:157) - Unable to get value for key content.61.963
 WARN 14:29:14,823 [AWT-EventQueue-0] (ME:157) - Unable to get value for key content.61.963
 INFO 14:29:14,863 [AWT-EventQueue-0] (baz:89) - Loading chat file.
 INFO 14:29:14,991 [AWT-EventQueue-0] (Wh:60) - cdt initialisé, centré sur (2,-4)
 WARN 14:29:14,994 [AWT-EventQueue-0] (bLo:112) - Impossible de trouver la texture jar:file:./contents/gui_jar/gui.jar!/miscellaneous/poi/58.tga key=hwBuidingIconRedPath
 WARN 14:29:14,994 [AWT-EventQueue-0] (bLo:112) - Impossible de trouver la texture jar:file:./contents/gui_jar/gui.jar!/miscellaneous/poi/57.tga key=hwBuidingIconOrangePath
 WARN 14:29:14,994 [AWT-EventQueue-0] (bLo:112) - Impossible de trouver la texture jar:file:./contents/gui_jar/gui.jar!/miscellaneous/poi/56.tga key=hwBuidingIconGreenPath
 WARN 14:29:15,140 [AWT-EventQueue-0] (eOx:413) - line 1:57 mismatched character 'c' expecting 'u'
 WARN 14:29:15,140 [AWT-EventQueue-0] (bil:71) - Impossible de charger le criterion (GetRealLevel() >= 1) and (GetRealLevel() <= 245) and ((ScenarioVar("nbResourcePlayer") == 8) or (ScenarioLeaderVar("nbResourcePlayer") == 8)) pour le challenge -1574
 INFO 14:29:15,142 [AWT-EventQueue-0] (chJ:254) - Challenge courant : -1574 (dans 0s)
 INFO 14:29:15,158 [AWT-EventQueue-0] (ber:341) - Achievement activated : 5259
 WARN 14:29:15,172 [AWT-EventQueue-0] (aPV:112) - Wrong function used for a bubble pipe, use pushChatMessage() instead
ERROR 14:29:16,739 [inter-chat-2-1] (aZu:65) - [CHAT] Authentication failed error code=9
 WARN 14:29:16,767 [inter-chat-2-1] (aZn:52) - [CHAT] Connection lost, reconnection in 3450ms
 INFO 14:29:27,382 [AWT-EventQueue-0] (bRA:211) - Loading list of favourite zaaps
 INFO 14:29:33,540 [AWT-EventQueue-0] (bRA:211) - Loading list of favourite zaaps
 INFO 14:29:38,803 [AWT-EventQueue-0] (chP:397) - on quitte le monde 853
 INFO 14:29:38,824 [AWT-EventQueue-0] (ftK:272) - Update de chaos du protecteur 424, chaos = false
 INFO 14:29:38,824 [AWT-EventQueue-0] (ftK:287) - Update de la satisfaction du protecteur 424. Nouvelle satisfaction : 1
 INFO 14:29:39,107 [AWT-EventQueue-0] (Wh:60) - cdt initialisé, centré sur (0,-2)
 INFO 14:29:39,256 [AWT-EventQueue-0] (chJ:254) - Challenge courant : -1 (dans 0s)
 INFO 14:29:39,256 [AWT-EventQueue-0] (chJ:281) - Pas de challenge dans cette zone, on s'arrête là
 INFO 14:29:39,851 [AWT-EventQueue-0] (chP:397) - on quitte le monde 853
 INFO 14:29:39,872 [AWT-EventQueue-0] (ftK:272) - Update de chaos du protecteur 424, chaos = false
 INFO 14:29:39,872 [AWT-EventQueue-0] (ftK:287) - Update de la satisfaction du protecteur 424. Nouvelle satisfaction : 1
 INFO 14:29:39,903 [AWT-EventQueue-0] (Wh:60) - cdt initialisé, centré sur (0,-2)
 INFO 14:29:39,942 [AWT-EventQueue-0] (ber:341) - Achievement activated : 5160
 INFO 14:29:39,944 [AWT-EventQueue-0] (ber:341) - Achievement activated : 5146
 INFO 14:29:40,011 [AWT-EventQueue-0] (chJ:254) - Challenge courant : -1 (dans 0s)
 INFO 14:29:40,011 [AWT-EventQueue-0] (chJ:281) - Pas de challenge dans cette zone, on s'arrête là
 INFO 14:29:41,574 [AWT-EventQueue-0] (bDD:68) - Action [WALKON] performed on interactive element : 34632
 INFO 14:29:41,977 [AWT-EventQueue-0] (bDD:68) - Action [WALKON] performed on interactive element : 34632
 INFO 14:29:45,490 [AWT-EventQueue-0] (bDD:68) - Action [WALKON] performed on interactive element : 34719
 INFO 14:29:45,872 [AWT-EventQueue-0] (bDD:68) - Action [WALKON] performed on interactive element : 34719
 INFO 14:29:47,144 [AWT-EventQueue-0] (bDD:68) - Action [WALKON] performed on interactive element : 34632
 INFO 14:29:49,405 [AWT-EventQueue-0] (bDD:68) - Action [WALKON] performed on interactive element : 34719
 INFO 14:29:53,035 [AWT-EventQueue-0] (UP:73) - WakfuGameCalendar : adding periodic ClimateUpdateEvent event, period= 12 minutes 
 INFO 14:29:53,077 [AWT-EventQueue-0] (ciD:117) - NetInFight Added
 INFO 14:29:53,077 [AWT-EventQueue-0] (ciD:117) - NetInFight Added
 INFO 14:29:53,234 [AWT-EventQueue-0] (aXI:47) - CREATION DU COMBAT
 INFO 14:29:53,240 [AWT-EventQueue-0] (faw:1405) - [_FL_] fightId=1552052456 Mama Wapin breed : 5456 [ENTITE1] isControlledByAI=true obstacleId : -1 join the fight at {Point3 : (6, -8, 1)}
 INFO 14:29:53,248 [AWT-EventQueue-0] (faw:1405) - [_FL_] fightId=1552052456 PJ1 breed : 7 [ENTITE2] isControlledByAI=false obstacleId : -1 join the fight at {Point3 : (4, -2, 2)}
 WARN 14:29:55,636 [AWT-EventQueue-0] (aXm:191) - Unable to find a valid RunningEffectManager to apply effect d'id -5
 WARN 14:29:55,636 [AWT-EventQueue-0] (bvm:58) - Pas de cible sur laquelle appliquer les HMI pour l'effet 310
 WARN 14:29:55,636 [AWT-EventQueue-0] (aXm:191) - Unable to find a valid RunningEffectManager to apply effect d'id 252845
 WARN 14:29:55,636 [AWT-EventQueue-0] (aXm:191) - Unable to find a valid RunningEffectManager to apply effect d'id 329136
 WARN 14:29:55,636 [AWT-EventQueue-0] (aXm:191) - Unable to find a valid RunningEffectManager to apply effect d'id 329137
 WARN 14:29:55,637 [AWT-EventQueue-0] (aXm:191) - Unable to find a valid RunningEffectManager to apply effect d'id 384426
 WARN 14:29:55,637 [AWT-EventQueue-0] (bvm:58) - Pas de cible sur laquelle appliquer les HMI pour l'effet 400
 WARN 14:29:55,673 [AWT-EventQueue-0] (aXm:191) - Unable to find a valid RunningEffectManager to apply effect d'id -5
 WARN 14:29:55,673 [AWT-EventQueue-0] (aXm:191) - Unable to find a valid RunningEffectManager to apply effect d'id 252845
 WARN 14:29:55,674 [AWT-EventQueue-0] (aXm:191) - Unable to find a valid RunningEffectManager to apply effect d'id 329136
 WARN 14:29:55,674 [AWT-EventQueue-0] (aXm:191) - Unable to find a valid RunningEffectManager to apply effect d'id 329137
 WARN 14:29:55,674 [AWT-EventQueue-0] (aXm:191) - Unable to find a valid RunningEffectManager to apply effect d'id 384426
 INFO 14:29:55,674 [AWT-EventQueue-0] (UP:73) - WakfuGameCalendar : adding periodic ClimateUpdateEvent event, period= 12 minutes 
 INFO 14:29:55,690 [AWT-EventQueue-0] (ciD:117) - NetInFight Added
 INFO 14:29:55,690 [AWT-EventQueue-0] (ciD:117) - NetInFight Added
 INFO 14:29:55,749 [AWT-EventQueue-0] (faw:1405) - [_FL_] fightId=1552052456 PJ2 breed : 3 [ENTITE3] isControlledByAI=false obstacleId : -1 join the fight at {Point3 : (3, -3, 1)}
 INFO 14:29:55,769 [AWT-EventQueue-0] (aXI:47) - CREATION DU COMBAT
 INFO 14:29:55,776 [AWT-EventQueue-0] (faw:1405) - [_FL_] fightId=1552052456 Mama Wapin breed : 5456 [ENTITE1] isControlledByAI=true obstacleId : -1 join the fight at {Point3 : (6, -8, 1)}
 INFO 14:29:55,782 [AWT-EventQueue-0] (faw:1405) - [_FL_] fightId=1552052456 PJ1 breed : 7 [ENTITE2] isControlledByAI=false obstacleId : -1 join the fight at {Point3 : (4, -2, 2)}
 INFO 14:29:55,788 [AWT-EventQueue-0] (faw:1405) - [_FL_] fightId=1552052456 PJ2 breed : 3 [ENTITE3] isControlledByAI=false obstacleId : -1 join the fight at {Point3 : (3, -3, 1)}
 WARN 14:29:57,565 [AWT-EventQueue-0] (cky:29) - The fight with the id 1552052457 has not been found
 WARN 14:29:57,574 [AWT-EventQueue-0] (cky:29) - The fight with the id 1552052457 has not been found
 INFO 14:29:59,041 [AWT-EventQueue-0] (cjr:53) - Unserializing effects for fighter 10910227, byte size : 3607
 INFO 14:29:59,050 [AWT-EventQueue-0] (cjr:53) - Unserializing effects for fighter 10910227, byte size : 3607
 INFO 14:29:59,054 [AWT-EventQueue-0] (cjr:53) - Unserializing effects for fighter 10662067, byte size : 19307
 INFO 14:29:59,077 [AWT-EventQueue-0] (cjr:53) - Unserializing effects for fighter 10662067, byte size : 19307
 INFO 14:29:59,740 [AWT-EventQueue-0] (aPV:174) - [Information (combat)] PJ2: Invoque un(e) Phorreur 
 INFO 14:29:59,741 [AWT-EventQueue-0] (eXG:105) - Instanciation d'une nouvelle invocation avec un id de -1706442038280937
 INFO 14:29:59,741 [AWT-EventQueue-0] (faw:1405) - [_FL_] fightId=1552052456 Phorreur breed : 1384 [ENTITE4] isControlledByAI=true obstacleId : 3 join the fight at {Point3 : (3, -4, 1)}
 INFO 14:29:59,786 [AWT-EventQueue-0] (aPV:174) - [Information (combat)] PJ2: Invoque un(e) Phorreur 
 INFO 14:29:59,786 [AWT-EventQueue-0] (eXG:105) - Instanciation d'une nouvelle invocation avec un id de -1706442038280937
 INFO 14:29:59,788 [AWT-EventQueue-0] (faw:1405) - [_FL_] fightId=1552052456 Phorreur breed : 1384 [ENTITE4] isControlledByAI=true obstacleId : 3 join the fight at {Point3 : (3, -4, 1)}
 INFO 14:29:59,790 [AWT-EventQueue-0] (aPV:174) - [Information (combat)] PJ1: 1 PA (Force vitale)
 INFO 14:29:59,791 [AWT-EventQueue-0] (aPV:174) - [Information (combat)] PJ1: 30 % Soins réalisés (Ponction)
 INFO 14:29:59,832 [AWT-EventQueue-0] (aPV:174) - [Information (combat)] PJ1: 1 PA (Force vitale)
 INFO 14:29:59,832 [AWT-EventQueue-0] (aPV:174) - [Information (combat)] PJ1: 30 % Soins réalisés (Ponction)
 WARN 14:30:00,244 [AWT-EventQueue-0] (aVt:481) - Impossible de trouver l'icone d'URL jar:file:./contents/gui_jar/gui.jar!/miscellaneous/itemTypes/112.tga
 INFO 14:30:02,314 [AWT-EventQueue-0] (aPV:174) - [Information (combat)] PJ1 lance le sort Flamme purificatrice
 INFO 14:30:02,339 [AWT-EventQueue-0] (aPV:174) - [Information (combat)] PJ1 lance le sort Flamme purificatrice
 INFO 14:30:04,205 [AWT-EventQueue-0] (aPV:174) - [Information (combat)] PJ2: +0 PV (Feu)
 INFO 14:30:04,210 [AWT-EventQueue-0] (aPV:174) - [Information (combat)] PJ1: -1 PV (Neutre) (Ponction)
 INFO 14:30:04,211 [AWT-EventQueue-0] (aPV:174) - [Information (combat)] Phorreur: +0 PV (Feu)
 INFO 14:30:04,212 [AWT-EventQueue-0] (aPV:174) - [Information (combat)] PJ1: -1 PV (Neutre) (Ponction)
 INFO 14:30:04,224 [AWT-EventQueue-0] (aPV:174) - [Information (combat)] PJ2: Marque unt (Niv. 41)
 INFO 14:30:04,225 [AWT-EventQueue-0] (aPV:174) - [Information (combat)] PJ2: 1 PM (Marque unt)
 INFO 14:30:04,229 [AWT-EventQueue-0] (aPV:174) - [Information (combat)] Phorreur: Marque unt (Niv. 41)
 INFO 14:30:04,230 [AWT-EventQueue-0] (aPV:174) - [Information (combat)] Phorreur: 1 PM (Marque unt)
 INFO 14:30:04,242 [AWT-EventQueue-0] (aPV:174) - [Information (combat)] PJ2: +0 PV (Feu)
 INFO 14:30:04,246 [AWT-EventQueue-0] (aPV:174) - [Information (combat)] PJ1: -1 PV (Neutre) (Ponction)
 INFO 14:30:04,247 [AWT-EventQueue-0] (aPV:174) - [Information (combat)] Phorreur: +0 PV (Feu)
 INFO 14:30:04,249 [AWT-EventQueue-0] (aPV:174) - [Information (combat)] PJ1: -1 PV (Neutre) (Ponction)
 INFO 14:30:04,251 [AWT-EventQueue-0] (aPV:174) - [Information (combat)] PJ2: Marque unt (Niv. 41)
 INFO 14:30:04,253 [AWT-EventQueue-0] (aPV:174) - [Information (combat)] PJ2: 1 PM (Marque unt)
 INFO 14:30:04,254 [AWT-EventQueue-0] (aPV:174) - [Information (combat)] Phorreur: Marque unt (Niv. 41)
 INFO 14:30:04,255 [AWT-EventQueue-0] (aPV:174) - [Information (combat)] Phorreur: 1 PM (Marque unt)
 INFO 14:30:05,302 [AWT-EventQueue-0] (aPV:174) - [Information (combat)] PJ1: 0 PW (Grâce naturelle)
 INFO 14:30:05,304 [AWT-EventQueue-0] (aPV:174) - [Information (combat)] PJ1: Bonus de grâce (+10 Niv.)
 INFO 14:30:05,307 [AWT-EventQueue-0] (aPV:174) - [Information (combat)] 63 secondes reportées pour le tour suivant.
 INFO 14:30:05,340 [AWT-EventQueue-0] (aPV:174) - [Information (combat)] PJ1: 0 PW (Grâce naturelle)
 INFO 14:30:05,341 [AWT-EventQueue-0] (aPV:174) - [Information (combat)] PJ1: Bonus de grâce (+10 Niv.)
 INFO 14:30:05,343 [AWT-EventQueue-0] (aPV:174) - [Information (combat)] 63 secondes reportées pour le tour suivant.
 INFO 14:30:08,363 [AWT-EventQueue-0] (aPV:174) - [Information (combat)] Phorreur lance le sort Excavation de Rubis
 INFO 14:30:08,385 [AWT-EventQueue-0] (aPV:174) - [Information (combat)] Phorreur lance le sort Excavation de Rubis
 INFO 14:30:08,979 [AWT-EventQueue-0] (aPV:174) - [Information (combat)] PJ2: Pose le Glyphe Gisement de rubis
 INFO 14:30:08,983 [AWT-EventQueue-0] (aPV:174) - [Information (combat)] PJ2: Pose le Glyphe Gisement de rubis
 INFO 14:30:10,463 [AWT-EventQueue-0] (aPV:174) - [Information (combat)] Phorreur: +0 PV (Feu) (Marque unt)
 INFO 14:30:10,464 [AWT-EventQueue-0] (aPV:174) - [Information (combat)] PJ1: -1 PV (Neutre) (Ponction)
 INFO 14:30:10,465 [AWT-EventQueue-0] (aPV:174) - [Information (combat)] PJ2: +0 PV (Feu) (Marque unt)
 INFO 14:30:10,467 [AWT-EventQueue-0] (aPV:174) - [Information (combat)] PJ1: -1 PV (Neutre) (Ponction)
 INFO 14:30:10,467 [AWT-EventQueue-0] (aPV:174) - [Information (combat)] Phorreur: n'est plus sous l'emprise de 'Marque unt'
 INFO 14:30:10,469 [AWT-EventQueue-0] (aPV:174) - [Information (combat)] Phorreur: 1 PA
 INFO 14:30:10,470 [AWT-EventQueue-0] (aPV:174) - [Information (combat)] Phorreur: 1 PM
 INFO 14:30:10,474 [AWT-EventQueue-0] (aPV:174) - [Information (combat)] PJ2: excave un Gisement de saphir
 INFO 14:30:10,475 [AWT-EventQueue-0] (aPV:174) - [Information (combat)] PJ2: excave un Gisement de diamant
 INFO 14:30:10,476 [AWT-EventQueue-0] (aPV:174) - [Information (combat)] PJ2: excave un Gisement d'or
 INFO 14:30:10,485 [AWT-EventQueue-0] (aPV:174) - [Information (combat)] Phorreur: +0 PV (Feu) (Marque unt)
 INFO 14:30:10,486 [AWT-EventQueue-0] (aPV:174) - [Information (combat)] PJ1: -1 PV (Neutre) (Ponction)
 INFO 14:30:10,487 [AWT-EventQueue-0] (aPV:174) - [Information (combat)] PJ2: +0 PV (Feu) (Marque unt)
 INFO 14:30:10,488 [AWT-EventQueue-0] (aPV:174) - [Information (combat)] PJ1: -1 PV (Neutre) (Ponction)
 INFO 14:30:10,488 [AWT-EventQueue-0] (aPV:174) - [Information (combat)] Phorreur: n'est plus sous l'emprise de 'Marque unt'
 INFO 14:30:10,489 [AWT-EventQueue-0] (aPV:174) - [Information (combat)] Phorreur: 1 PA
 INFO 14:30:10,490 [AWT-EventQueue-0] (aPV:174) - [Information (combat)] Phorreur: 1 PM
 INFO 14:30:10,496 [AWT-EventQueue-0] (aPV:174) - [Information (combat)] PJ2: excave un Gisement de saphir
 INFO 14:30:10,497 [AWT-EventQueue-0] (aPV:174) - [Information (combat)] PJ2: excave un Gisement de diamant
 INFO 14:30:10,498 [AWT-EventQueue-0] (aPV:174) - [Information (combat)] PJ2: excave un Gisement d'or
 INFO 14:30:12,656 [AWT-EventQueue-0] (aPV:174) - [Information (combat)] PJ2 lance le sort Braise
 INFO 14:30:12,686 [AWT-EventQueue-0] (aPV:174) - [Information (combat)] PJ2 lance le sort Braise
 INFO 14:30:14,492 [AWT-EventQueue-0] (aPV:174) - [Information (combat)] 59 secondes reportées pour le tour suivant.
 INFO 14:30:14,495 [AWT-EventQueue-0] (aPV:174) - [Information (combat)] 60 secondes reportées pour le tour suivant.
 INFO 14:30:14,889 [AWT-EventQueue-0] (aPV:174) - [Information (combat)] Phorreur: +0 PV (Feu) (Marque unt)
 INFO 14:30:14,890 [AWT-EventQueue-0] (aPV:174) - [Information (combat)] PJ1: -1 PV (Neutre) (Ponction)
 INFO 14:30:14,891 [AWT-EventQueue-0] (aPV:174) - [Information (combat)] PJ2: +0 PV (Feu) (Marque unt)
 INFO 14:30:14,892 [AWT-EventQueue-0] (aPV:174) - [Information (combat)] PJ1: -1 PV (Neutre) (Ponction)
 INFO 14:30:14,893 [AWT-EventQueue-0] (aPV:174) - [Information (combat)] PJ1: +6 PV (Feu) (Marque unt)
 INFO 14:30:14,895 [AWT-EventQueue-0] (aPV:174) - [Information (combat)] Phorreur: +0 PV (Feu) (Marque unt)
 INFO 14:30:14,896 [AWT-EventQueue-0] (aPV:174) - [Information (combat)] PJ1: -1 PV (Neutre) (Ponction)
 INFO 14:30:14,897 [AWT-EventQueue-0] (aPV:174) - [Information (combat)] PJ2: +0 PV (Feu) (Marque unt)
 INFO 14:30:14,897 [AWT-EventQueue-0] (aPV:174) - [Information (combat)] PJ1: Propagateur (+11 Niv.)
 INFO 14:30:14,898 [AWT-EventQueue-0] (aPV:174) - [Information (combat)] PJ1: -1 PV (Neutre) (Ponction)
 INFO 14:30:14,899 [AWT-EventQueue-0] (aPV:174) - [Information (combat)] PJ1: -1 PV (Neutre) (Ponction)
 INFO 14:30:14,899 [AWT-EventQueue-0] (aPV:174) - [Information (combat)] PJ1: +6 PV (Feu) (Marque unt)
 INFO 14:30:14,899 [AWT-EventQueue-0] (aPV:174) - [Information (combat)] PJ2: n'est plus sous l'emprise de 'Marque unt'
 INFO 14:30:14,901 [AWT-EventQueue-0] (aPV:174) - [Information (combat)] PJ1: Propagateur (+11 Niv.)
 INFO 14:30:14,901 [AWT-EventQueue-0] (aPV:174) - [Information (combat)] PJ2: 0 PW (Chasseur de trésor)
 INFO 14:30:14,902 [AWT-EventQueue-0] (aPV:174) - [Information (combat)] PJ2: Pose le Glyphe Bourse (Chasseur de trésor)
 INFO 14:30:14,903 [AWT-EventQueue-0] (aPV:174) - [Information (combat)] PJ2: Pose le Glyphe Bourse (Chasseur de trésor)
 INFO 14:30:14,903 [AWT-EventQueue-0] (aPV:174) - [Information (combat)] PJ1: -1 PV (Neutre) (Ponction)
 INFO 14:30:14,903 [AWT-EventQueue-0] (aPV:174) - [Information (combat)] PJ2: Pose le Glyphe Bourse (Chasseur de trésor)
 INFO 14:30:14,903 [AWT-EventQueue-0] (aPV:174) - [Information (combat)] PJ2: Pose le Glyphe Bourse (Chasseur de trésor)
 INFO 14:30:14,903 [AWT-EventQueue-0] (aPV:174) - [Information (combat)] PJ2: n'est plus sous l'emprise de 'Marque unt'
 INFO 14:30:14,905 [AWT-EventQueue-0] (aPV:174) - [Information (combat)] PJ2: 0 PW (Chasseur de trésor)
 INFO 14:30:14,905 [AWT-EventQueue-0] (aPV:174) - [Information (combat)] PJ2: Pose le Glyphe Bourse (Chasseur de trésor)
 INFO 14:30:14,906 [AWT-EventQueue-0] (aPV:174) - [Information (combat)] PJ2: Pose le Glyphe Bourse (Chasseur de trésor)
 INFO 14:30:14,906 [AWT-EventQueue-0] (aPV:174) - [Information (combat)] PJ2: Pose le Glyphe Bourse (Chasseur de trésor)
 INFO 14:30:14,907 [AWT-EventQueue-0] (aPV:174) - [Information (combat)] PJ2: Pose le Glyphe Bourse (Chasseur de trésor)
 INFO 14:30:14,917 [AWT-EventQueue-0] (aPV:174) - [Information (combat)] PJ1: 1 PA (Force vitale)
 WARN 14:30:14,920 [AWT-EventQueue-0] (arx:744) - Impossible de récupérer la duree de l'animation 7_AnimStatique dans jar:file:./contents/animations/interactives/interactives.jar!/7002 : la definition n'est pas chargee
 WARN 14:30:14,920 [AWT-EventQueue-0] (arx:744) - Impossible de récupérer la duree de l'animation 7_AnimStatique dans jar:file:./contents/animations/interactives/interactives.jar!/7002 : la definition n'est pas chargee
 WARN 14:30:14,921 [AWT-EventQueue-0] (arx:744) - Impossible de récupérer la duree de l'animation 7_AnimStatique dans jar:file:./contents/animations/interactives/interactives.jar!/7002 : la definition n'est pas chargee
 WARN 14:30:14,921 [AWT-EventQueue-0] (arx:744) - Impossible de récupérer la duree de l'animation 7_AnimStatique dans jar:file:./contents/animations/interactives/interactives.jar!/7002 : la definition n'est pas chargee
 INFO 14:30:14,923 [AWT-EventQueue-0] (aPV:174) - [Information (combat)] PJ1: 1 PA (Force vitale)
 WARN 14:30:14,977 [AWT-EventQueue-0] (arx:744) - Impossible de récupérer la duree de l'animation 7_AnimStatique dans jar:file:./contents/animations/interactives/interactives.jar!/7002 : la definition n'est pas chargee
 WARN 14:30:14,977 [AWT-EventQueue-0] (arx:744) - Impossible de récupérer la duree de l'animation 7_AnimStatique dans jar:file:./contents/animations/interactives/interactives.jar!/7002 : la definition n'est pas chargee
 WARN 14:30:14,977 [AWT-EventQueue-0] (arx:744) - Impossible de récupérer la duree de l'animation 7_AnimStatique dans jar:file:./contents/animations/interactives/interactives.jar!/7002 : la definition n'est pas chargee
 WARN 14:30:14,977 [AWT-EventQueue-0] (arx:744) - Impossible de récupérer la duree de l'animation 7_AnimStatique dans jar:file:./contents/animations/interactives/interactives.jar!/7002 : la definition n'est pas chargee
 INFO 14:30:17,315 [AWT-EventQueue-0] (frH:215) - [NATION] Trying to remove 11577593 from {Nation id=0} after a disconnection but he's not in it
 INFO 14:30:17,393 [AWT-EventQueue-0] (frH:215) - [NATION] Trying to remove 11577593 from {Nation id=0} after a disconnection but he's not in it
 INFO 14:30:18,595 [AWT-EventQueue-0] (aPV:174) - [Information (combat)] PJ1 lance le sort Jouvence
 INFO 14:30:18,658 [AWT-EventQueue-0] (aPV:174) - [Information (combat)] PJ1 lance le sort Jouvence
 INFO 14:30:20,296 [AWT-EventQueue-0] (aPV:174) - [Information (combat)] PJ1: Jouvence (Niv. 702)
 INFO 14:30:20,297 [AWT-EventQueue-0] (aPV:174) - [Information (combat)] PJ1: 2 PM
 INFO 14:30:20,298 [AWT-EventQueue-0] (aPV:174) - [Information (combat)] PJ1: 15 % Soins réalisés
 INFO 14:30:20,298 [AWT-EventQueue-0] (aPV:174) - [Information (combat)] PJ1: 702 Esquive
 INFO 14:30:20,356 [AWT-EventQueue-0] (aPV:174) - [Information (combat)] PJ1: Jouvence (Niv. 702)
 INFO 14:30:20,358 [AWT-EventQueue-0] (aPV:174) - [Information (combat)] PJ1: 2 PM
 INFO 14:30:20,359 [AWT-EventQueue-0] (aPV:174) - [Information (combat)] PJ1: 15 % Soins réalisés
 INFO 14:30:20,360 [AWT-EventQueue-0] (aPV:174) - [Information (combat)] PJ1: 702 Esquive
 INFO 14:30:20,636 [AWT-EventQueue-0] (aPV:174) - [Information (combat)] PJ1: 1 PM (Bourse d'Enutrof)
 INFO 14:30:20,637 [AWT-EventQueue-0] (aPV:174) - [Information (combat)] PJ1: +1 PV (Lumière) (Feu) (Bourse d'Enutrof)
 INFO 14:30:20,643 [AWT-EventQueue-0] (aPV:174) - [Information (combat)] PJ1: Gisement de rubis (Niv. 1)
 INFO 14:30:20,643 [AWT-EventQueue-0] (aPV:174) - [Information (combat)] PJ1: 10 Volonté
 INFO 14:30:20,644 [AWT-EventQueue-0] (aPV:174) - [Information (combat)] PJ1: 1 Portée
 INFO 14:30:20,646 [AWT-EventQueue-0] (aPV:174) - [Information (combat)] PJ2: Trésors (+1 Niv.) (Gisement consommé)
 INFO 14:30:20,756 [AWT-EventQueue-0] (aPV:174) - [Information (combat)] PJ1: 1 PM (Bourse d'Enutrof)
 INFO 14:30:20,763 [AWT-EventQueue-0] (aPV:174) - [Information (combat)] PJ1: +1 PV (Lumière) (Feu) (Bourse d'Enutrof)
 INFO 14:30:20,769 [AWT-EventQueue-0] (aPV:174) - [Information (combat)] PJ1: Gisement de rubis (Niv. 1)
 INFO 14:30:20,770 [AWT-EventQueue-0] (aPV:174) - [Information (combat)] PJ1: 10 Volonté
 INFO 14:30:20,771 [AWT-EventQueue-0] (aPV:174) - [Information (combat)] PJ1: 1 Portée
 INFO 14:30:20,773 [AWT-EventQueue-0] (aPV:174) - [Information (combat)] PJ2: Trésors (+1 Niv.) (Gisement consommé)
 INFO 14:30:22,414 [AWT-EventQueue-0] (aPV:174) - [Information (combat)] PJ1: 0 PW (Grâce naturelle)
 INFO 14:30:22,416 [AWT-EventQueue-0] (aPV:174) - [Information (combat)] PJ1: Bonus de grâce (+20 Niv.)
 INFO 14:30:22,417 [AWT-EventQueue-0] (aPV:174) - [Information (combat)] 94 secondes reportées pour le tour suivant.
 INFO 14:30:22,456 [AWT-EventQueue-0] (aPV:174) - [Information (combat)] PJ1: 0 PW (Grâce naturelle)
 INFO 14:30:22,458 [AWT-EventQueue-0] (aPV:174) - [Information (combat)] PJ1: Bonus de grâce (+20 Niv.)
 INFO 14:30:22,464 [AWT-EventQueue-0] (aPV:174) - [Information (combat)] 94 secondes reportées pour le tour suivant.
 INFO 14:30:23,471 [AWT-EventQueue-0] (aPV:174) - [Information (combat)] Mama Wapin lance le sort Coup de la Mama
 INFO 14:30:23,498 [AWT-EventQueue-0] (aPV:174) - [Information (combat)] Mama Wapin lance le sort Coup de la Mama
 INFO 14:30:24,777 [AWT-EventQueue-0] (aPV:174) - [Information (combat)] PJ2: -4 PV (Eau)
 INFO 14:30:24,797 [AWT-EventQueue-0] (aPV:174) - [Information (combat)] PJ2: -4 PV (Eau)
 INFO 14:30:25,199 [AWT-EventQueue-0] (aPV:174) - [Information (combat)] PJ2: est poussé de 1 case
 INFO 14:30:25,199 [AWT-EventQueue-0] (aPV:174) - [Information (combat)] Mama Wapin lance le sort Coup de la Mama
 INFO 14:30:25,206 [AWT-EventQueue-0] (aPV:174) - [Information (combat)] PJ2: est poussé de 1 case
 INFO 14:30:25,207 [AWT-EventQueue-0] (aPV:174) - [Information (combat)] Mama Wapin lance le sort Coup de la Mama
 INFO 14:30:26,402 [AWT-EventQueue-0] (aPV:174) - [Information (combat)] PJ1: -1 PV  (Eau)
 INFO 14:30:26,480 [AWT-EventQueue-0] (aPV:174) - [Information (combat)] PJ1: -1 PV  (Eau)
 INFO 14:30:26,805 [AWT-EventQueue-0] (aPV:174) - [Information (combat)] PJ1: est poussé de 1 case
 INFO 14:30:26,878 [AWT-EventQueue-0] (aPV:174) - [Information (combat)] PJ1: est poussé de 1 case
 INFO 14:30:30,183 [AWT-EventQueue-0] (aPV:174) - [Information (combat)] Phorreur lance le sort Excavation de Diamant
 INFO 14:30:30,206 [AWT-EventQueue-0] (aPV:174) - [Information (combat)] Phorreur lance le sort Excavation de Diamant
 INFO 14:30:30,795 [AWT-EventQueue-0] (aPV:174) - [Information (combat)] PJ2: Pose le Glyphe Gisement de diamant
 INFO 14:30:30,804 [AWT-EventQueue-0] (aPV:174) - [Information (combat)] PJ2: Pose le Glyphe Gisement de diamant
 INFO 14:30:30,908 [AWT-EventQueue-0] (aPV:174) - [Information (combat)] Phorreur: 1 PA
 INFO 14:30:30,909 [AWT-EventQueue-0] (aPV:174) - [Information (combat)] Phorreur: 1 PM
 INFO 14:30:30,911 [AWT-EventQueue-0] (aPV:174) - [Information (combat)] Phorreur: 1 PA
 INFO 14:30:30,912 [AWT-EventQueue-0] (aPV:174) - [Information (combat)] Phorreur: 1 PM
 INFO 14:30:30,915 [AWT-EventQueue-0] (aPV:174) - [Information (combat)] PJ2: Pose le Glyphe Big Bourse
 INFO 14:30:30,916 [AWT-EventQueue-0] (aPV:174) - [Information (combat)] PJ2: Pose le Glyphe Big Bourse
 INFO 14:30:30,916 [AWT-EventQueue-0] (aPV:174) - [Information (combat)] PJ2: Pose le Glyphe Big Bourse
 INFO 14:30:30,916 [AWT-EventQueue-0] (aPV:174) - [Information (combat)] PJ2: Pose le Glyphe Big Bourse
 INFO 14:30:30,917 [AWT-EventQueue-0] (aPV:174) - [Information (combat)] PJ2: excave un Gisement de rubis
 INFO 14:30:30,917 [AWT-EventQueue-0] (aPV:174) - [Information (combat)] PJ2: Pose le Glyphe Big Bourse
 INFO 14:30:30,917 [AWT-EventQueue-0] (aPV:174) - [Information (combat)] PJ2: Pose le Glyphe Big Bourse
 INFO 14:30:30,918 [AWT-EventQueue-0] (aPV:174) - [Information (combat)] PJ2: excave un Gisement de rubis
 WARN 14:30:30,919 [AWT-EventQueue-0] (arx:744) - Impossible de récupérer la duree de l'animation 7_AnimStatique dans jar:file:./contents/animations/interactives/interactives.jar!/7003 : la definition n'est pas chargee
 WARN 14:30:30,920 [AWT-EventQueue-0] (arx:744) - Impossible de récupérer la duree de l'animation 7_AnimStatique dans jar:file:./contents/animations/interactives/interactives.jar!/7003 : la definition n'est pas chargee
 WARN 14:30:30,920 [AWT-EventQueue-0] (arx:744) - Impossible de récupérer la duree de l'animation 7_AnimStatique dans jar:file:./contents/animations/interactives/interactives.jar!/7003 : la definition n'est pas chargee
 WARN 14:30:30,971 [AWT-EventQueue-0] (arx:744) - Impossible de récupérer la duree de l'animation 7_AnimStatique dans jar:file:./contents/animations/interactives/interactives.jar!/7003 : la definition n'est pas chargee
 WARN 14:30:30,971 [AWT-EventQueue-0] (arx:744) - Impossible de récupérer la duree de l'animation 7_AnimStatique dans jar:file:./contents/animations/interactives/interactives.jar!/7003 : la definition n'est pas chargee
 WARN 14:30:30,971 [AWT-EventQueue-0] (arx:744) - Impossible de récupérer la duree de l'animation 7_AnimStatique dans jar:file:./contents/animations/interactives/interactives.jar!/7003 : la definition n'est pas chargee
 WARN 14:30:32,381 [AWT-EventQueue-0] (eVP:68) - Target has to be a character
 WARN 14:30:32,382 [AWT-EventQueue-0] (eVP:68) - Target has to be a character
 WARN 14:30:32,415 [AWT-EventQueue-0] (eVP:68) - Target has to be a character
 WARN 14:30:32,415 [AWT-EventQueue-0] (eVP:68) - Target has to be a character
 INFO 14:30:32,608 [AWT-EventQueue-0] (aPV:174) - [Information (combat)] PJ2 lance le sort Filouterie
 INFO 14:30:32,609 [AWT-EventQueue-0] (aPV:174) - [Information (combat)] PJ2 lance le sort Filouterie
 INFO 14:30:34,215 [AWT-EventQueue-0] (aPV:174) - [Information (combat)] 91 secondes reportées pour le tour suivant.
 INFO 14:30:34,313 [AWT-EventQueue-0] (aPV:174) - [Information (combat)] 91 secondes reportées pour le tour suivant.
 INFO 14:30:34,386 [AWT-EventQueue-0] (aPV:174) - [Information (combat)] PJ2: 0 PW (Chasseur de trésor)
 INFO 14:30:34,387 [AWT-EventQueue-0] (aPV:174) - [Information (combat)] PJ2: Pose le Glyphe Bourse (Chasseur de trésor)
 INFO 14:30:34,387 [AWT-EventQueue-0] (aPV:174) - [Information (combat)] PJ2: Pose le Glyphe Bourse (Chasseur de trésor)
 INFO 14:30:34,404 [AWT-EventQueue-0] (aPV:174) - [Information (combat)] PJ1: 1 PA (Force vitale)
 INFO 14:30:34,408 [AWT-EventQueue-0] (aPV:174) - [Information (combat)] PJ2: 0 PW (Chasseur de trésor)
 INFO 14:30:34,409 [AWT-EventQueue-0] (aPV:174) - [Information (combat)] PJ2: Pose le Glyphe Bourse (Chasseur de trésor)
 INFO 14:30:34,409 [AWT-EventQueue-0] (aPV:174) - [Information (combat)] PJ2: Pose le Glyphe Bourse (Chasseur de trésor)
 INFO 14:30:34,421 [AWT-EventQueue-0] (aPV:174) - [Information (combat)] PJ1: 1 PA (Force vitale)
 INFO 14:30:36,478 [AWT-EventQueue-0] (Tc:407) - Invalid start cell for pathfind search : doesn't exist. HASHCODE : 2251859942080515
 INFO 14:30:39,643 [AWT-EventQueue-0] (aPV:174) - [Information (combat)] PJ1 lance le sort Flamme purificatrice
 INFO 14:30:39,670 [AWT-EventQueue-0] (aPV:174) - [Information (combat)] PJ1 lance le sort Flamme purificatrice
 INFO 14:30:41,492 [AWT-EventQueue-0] (aPV:174) - [Information (combat)] PJ1: +1 PV (Feu)
 INFO 14:30:41,494 [AWT-EventQueue-0] (aPV:174) - [Information (combat)] PJ1: Propagateur (+22 Niv.)
 INFO 14:30:41,496 [AWT-EventQueue-0] (aPV:174) - [Information (combat)] PJ1: -1 PV (Neutre) (Ponction)
 INFO 14:30:41,497 [AWT-EventQueue-0] (aPV:174) - [Information (combat)] PJ1: Marque unt (Niv. 41)
 INFO 14:30:41,498 [AWT-EventQueue-0] (aPV:174) - [Information (combat)] PJ1: 1 PM (Marque unt)
 INFO 14:30:41,500 [AWT-EventQueue-0] (aPV:174) - [Information (combat)] PJ1: 0 PW (Grâce naturelle)
 INFO 14:30:41,501 [AWT-EventQueue-0] (aPV:174) - [Information (combat)] PJ1: Bonus de grâce (+30 Niv.)
 INFO 14:30:41,503 [AWT-EventQueue-0] (aPV:174) - [Information (combat)] 123 secondes reportées pour le tour suivant.
 INFO 14:30:41,512 [AWT-EventQueue-0] (aPV:174) - [Information (combat)] PJ1: +1 PV (Feu)
 INFO 14:30:41,513 [AWT-EventQueue-0] (aPV:174) - [Information (combat)] PJ1: Propagateur (+22 Niv.)
 INFO 14:30:41,515 [AWT-EventQueue-0] (aPV:174) - [Information (combat)] PJ1: -1 PV (Neutre) (Ponction)
 INFO 14:30:41,516 [AWT-EventQueue-0] (aPV:174) - [Information (combat)] PJ1: Marque unt (Niv. 41)
 INFO 14:30:41,516 [AWT-EventQueue-0] (aPV:174) - [Information (combat)] PJ1: 1 PM (Marque unt)
 INFO 14:30:41,518 [AWT-EventQueue-0] (aPV:174) - [Information (combat)] PJ1: 0 PW (Grâce naturelle)
 INFO 14:30:41,519 [AWT-EventQueue-0] (aPV:174) - [Information (combat)] PJ1: Bonus de grâce (+30 Niv.)
 INFO 14:30:41,520 [AWT-EventQueue-0] (aPV:174) - [Information (combat)] 124 secondes reportées pour le tour suivant.
 INFO 14:30:41,577 [AWT-EventQueue-0] (aPV:174) - [Information (combat)] Mama Wapin lance le sort Coup de la Mama
 INFO 14:30:41,624 [AWT-EventQueue-0] (aPV:174) - [Information (combat)] Mama Wapin lance le sort Coup de la Mama
 INFO 14:30:42,818 [AWT-EventQueue-0] (aPV:174) - [Information (combat)] PJ2: -4 PV (Eau)
 INFO 14:30:42,915 [AWT-EventQueue-0] (aPV:174) - [Information (combat)] PJ2: -4 PV (Eau)
 INFO 14:30:43,214 [AWT-EventQueue-0] (aPV:174) - [Information (combat)] PJ2: est poussé de 1 case
 INFO 14:30:43,317 [AWT-EventQueue-0] (aPV:174) - [Information (combat)] PJ2: est poussé de 1 case
 INFO 14:30:43,606 [AWT-EventQueue-0] (aPV:174) - [Information (combat)] Mama Wapin lance le sort Coup de la Mama
 INFO 14:30:43,616 [AWT-EventQueue-0] (aPV:174) - [Information (combat)] Mama Wapin lance le sort Coup de la Mama
 INFO 14:30:44,818 [AWT-EventQueue-0] (aPV:174) - [Information (combat)] PJ1: -1 PV (Eau)
 INFO 14:30:44,885 [AWT-EventQueue-0] (aPV:174) - [Information (combat)] PJ1: -1 PV (Eau)
 INFO 14:30:45,219 [AWT-EventQueue-0] (aPV:174) - [Information (combat)] PJ1: est poussé de 1 case
 INFO 14:30:45,277 [AWT-EventQueue-0] (aPV:174) - [Information (combat)] PJ1: est poussé de 1 case
 INFO 14:30:47,621 [AWT-EventQueue-0] (aPV:174) - [Information (combat)] Phorreur lance le sort Excavation de Rubis
 INFO 14:30:47,623 [AWT-EventQueue-0] (aPV:174) - [Information (combat)] Phorreur lance le sort Excavation de Rubis
 INFO 14:30:48,221 [AWT-EventQueue-0] (aPV:174) - [Information (combat)] PJ2: Pose le Glyphe Gisement de rubis
 INFO 14:30:48,288 [AWT-EventQueue-0] (aPV:174) - [Information (combat)] PJ2: Pose le Glyphe Gisement de rubis
 INFO 14:30:48,825 [AWT-EventQueue-0] (aPV:174) - [Information (combat)] Phorreur: 1 PM (Bourse d'Enutrof)
 INFO 14:30:48,826 [AWT-EventQueue-0] (aPV:174) - [Information (combat)] Phorreur: +0 PV (Lumière) (Feu) (Bourse d'Enutrof)
 INFO 14:30:48,902 [AWT-EventQueue-0] (aPV:174) - [Information (combat)] Phorreur: 1 PM (Bourse d'Enutrof)
 INFO 14:30:48,904 [AWT-EventQueue-0] (aPV:174) - [Information (combat)] Phorreur: +0 PV (Lumière) (Feu) (Bourse d'Enutrof)
 INFO 14:30:49,019 [AWT-EventQueue-0] (aPV:174) - [Information (combat)] Phorreur: 1 PA
 INFO 14:30:49,020 [AWT-EventQueue-0] (aPV:174) - [Information (combat)] Phorreur: 1 PM
 INFO 14:30:49,021 [AWT-EventQueue-0] (aPV:174) - [Information (combat)] Phorreur: 1 PA
 INFO 14:30:49,022 [AWT-EventQueue-0] (aPV:174) - [Information (combat)] Phorreur: 1 PM
 INFO 14:30:49,026 [AWT-EventQueue-0] (aPV:174) - [Information (combat)] PJ2: Pose le Glyphe Big Bourse
 INFO 14:30:49,027 [AWT-EventQueue-0] (aPV:174) - [Information (combat)] PJ2: Pose le Glyphe Big Bourse
 INFO 14:30:50,921 [AWT-EventQueue-0] (aPV:174) - [Information (combat)] PJ2 lance le sort Braise
 INFO 14:30:50,928 [AWT-EventQueue-0] (aPV:174) - [Information (combat)] PJ2 lance le sort Braise
 INFO 14:30:52,205 [AWT-EventQueue-0] (aPV:174) - [Information (combat)] 121 secondes reportées pour le tour suivant.
 INFO 14:30:52,206 [AWT-EventQueue-0] (aPV:174) - [Information (combat)] PJ2: 0 PW (Chasseur de trésor)
 INFO 14:30:52,207 [AWT-EventQueue-0] (aPV:174) - [Information (combat)] PJ2: Pose le Glyphe Bourse (Chasseur de trésor)
 INFO 14:30:52,208 [AWT-EventQueue-0] (aPV:174) - [Information (combat)] Phorreur: 1 PM (Bourse d'Enutrof)
 INFO 14:30:52,208 [AWT-EventQueue-0] (aPV:174) - [Information (combat)] Phorreur: +0 PV (Lumière) (Feu) (Bourse d'Enutrof)
 INFO 14:30:52,227 [AWT-EventQueue-0] (aPV:174) - [Information (combat)] 121 secondes reportées pour le tour suivant.
 INFO 14:30:52,228 [AWT-EventQueue-0] (aPV:174) - [Information (combat)] PJ2: 0 PW (Chasseur de trésor)
 INFO 14:30:52,229 [AWT-EventQueue-0] (aPV:174) - [Information (combat)] PJ2: Pose le Glyphe Bourse (Chasseur de trésor)
 INFO 14:30:52,229 [AWT-EventQueue-0] (aPV:174) - [Information (combat)] Phorreur: 1 PM (Bourse d'Enutrof)
 INFO 14:30:52,230 [AWT-EventQueue-0] (aPV:174) - [Information (combat)] Phorreur: +0 PV (Lumière) (Feu) (Bourse d'Enutrof)
 INFO 14:30:52,324 [AWT-EventQueue-0] (aPV:174) - [Information (combat)] PJ2: Pose le Glyphe Bourse (Chasseur de trésor)
 INFO 14:30:52,324 [AWT-EventQueue-0] (aPV:174) - [Information (combat)] PJ2: Pose le Glyphe Bourse (Chasseur de trésor)
 INFO 14:30:52,324 [AWT-EventQueue-0] (aPV:174) - [Information (combat)] PJ2: Pose le Glyphe Bourse (Chasseur de trésor)
 INFO 14:30:52,324 [AWT-EventQueue-0] (aPV:174) - [Information (combat)] PJ2: Pose le Glyphe Bourse (Chasseur de trésor)
 INFO 14:30:52,325 [AWT-EventQueue-0] (aPV:174) - [Information (combat)] PJ2: Pose le Glyphe Bourse (Chasseur de trésor)
 INFO 14:30:52,325 [AWT-EventQueue-0] (aPV:174) - [Information (combat)] PJ2: Pose le Glyphe Bourse (Chasseur de trésor)
 INFO 14:30:52,337 [AWT-EventQueue-0] (aPV:174) - [Information (combat)] PJ1: 1 PA (Force vitale)
 INFO 14:30:52,339 [AWT-EventQueue-0] (aPV:174) - [Information (combat)] PJ1: 1 PA (Force vitale)
 INFO 14:30:55,769 [AWT-EventQueue-0] (aPV:174) - [Information (combat)] PJ1 lance le sort Flamme purificatrice
 INFO 14:30:55,782 [AWT-EventQueue-0] (aPV:174) - [Information (combat)] PJ1 lance le sort Flamme purificatrice
 INFO 14:30:57,177 [AWT-EventQueue-0] (aPV:174) - [Information (combat)] Phorreur: +0 PV (Feu)
 INFO 14:30:57,179 [AWT-EventQueue-0] (aPV:174) - [Information (combat)] PJ1: -1 PV (Neutre) (Ponction)
 INFO 14:30:57,180 [AWT-EventQueue-0] (aPV:174) - [Information (combat)] Mama Wapin: -2 337 PV (Feu)
 INFO 14:30:57,187 [AWT-EventQueue-0] (aPV:174) - [Information (combat)] Phorreur: +0 PV (Feu)
 INFO 14:30:57,188 [AWT-EventQueue-0] (aPV:174) - [Information (combat)] PJ1: -1 PV (Neutre) (Ponction)
 INFO 14:30:57,189 [AWT-EventQueue-0] (aPV:174) - [Information (combat)] Mama Wapin: -2 337 PV (Feu)
 INFO 14:30:57,899 [AWT-EventQueue-0] (aPV:174) - [Information (combat)] Phorreur: Marque unt (Niv. 41)
 INFO 14:30:57,900 [AWT-EventQueue-0] (aPV:174) - [Information (combat)] Phorreur: 1 PM (Marque unt)
 INFO 14:30:57,905 [AWT-EventQueue-0] (aPV:174) - [Information (combat)] PJ1 : +1 278 points d'XP.  Prochain niveau dans : 12 441 473 796.
 INFO 14:30:57,911 [AWT-EventQueue-0] (aWF:91) - [FIGHT] End fight with id 1552052456
 INFO 14:30:57,913 [AWT-EventQueue-0] (ciD:122) - NetInFight Removed
 WARN 14:30:57,913 [AWT-EventQueue-0] (bvE:67) - acteur gfxId=100501384 n'a pas une anim AnimStatique valide
 INFO 14:30:57,929 [AWT-EventQueue-0] (aPV:174) - [Information (combat)] Phorreur: Marque unt (Niv. 41)
 INFO 14:30:57,931 [AWT-EventQueue-0] (aPV:174) - [Information (combat)] Phorreur: 1 PM (Marque unt)
 INFO 14:30:57,933 [AWT-EventQueue-0] (aPV:174) - [Information (combat)] PJ2 : +610 points d'XP.  Prochain niveau dans : 27 821 363.
 INFO 14:30:57,935 [AWT-EventQueue-0] (aWF:91) - [FIGHT] End fight with id 1552052456
 INFO 14:30:57,937 [AWT-EventQueue-0] (ciD:122) - NetInFight Removed
 WARN 14:30:57,938 [AWT-EventQueue-0] (bvE:67) - acteur gfxId=100501384 n'a pas une anim AnimStatique valide
 INFO 14:30:58,066 [AWT-EventQueue-0] (aPV:174) - [Information (combat)] Combat terminé, cliquez ici pour rouvrir l'écran de fin de combat. 
 INFO 14:30:58,078 [AWT-EventQueue-0] (aPV:174) - [Information (combat)] Combat terminé, cliquez ici pour rouvrir l'écran de fin de combat. 
 INFO 14:31:09,130 [AWT-EventQueue-0] (aXi:35) - Resynchronisation de la position d'un fighter dans notre combat.  FightID = 1552052457, FighterID = 11579712 à la position {Point3 : (10, 13, 1)}
 INFO 14:31:09,272 [AWT-EventQueue-0] (aXi:35) - Resynchronisation de la position d'un fighter dans notre combat.  FightID = 1552052457, FighterID = 11579712 à la position {Point3 : (10, 13, 1)}
 INFO 14:31:11,144 [AWT-EventQueue-0] (aXi:35) - Resynchronisation de la position d'un fighter dans notre combat.  FightID = 1552052453, FighterID = 11579715 à la position {Point3 : (2, 3, 1)}
 INFO 14:31:11,285 [AWT-EventQueue-0] (aXi:35) - Resynchronisation de la position d'un fighter dans notre combat.  FightID = 1552052453, FighterID = 11579715 à la position {Point3 : (2, 3, 1)}
 WARN 14:31:56,447 [AWT-EventQueue-0] (eVP:68) - Target has to be a character
 WARN 14:31:56,448 [AWT-EventQueue-0] (eVP:68) - Target has to be a character
 WARN 14:31:56,448 [AWT-EventQueue-0] (eVP:68) - Target has to be a character
 WARN 14:31:56,448 [AWT-EventQueue-0] (eVP:68) - Target has to be a character
 WARN 14:31:56,611 [AWT-EventQueue-0] (eVP:68) - Target has to be a character
 WARN 14:31:56,611 [AWT-EventQueue-0] (eVP:68) - Target has to be a character
 WARN 14:31:56,611 [AWT-EventQueue-0] (eVP:68) - Target has to be a character
 WARN 14:31:56,612 [AWT-EventQueue-0] (eVP:68) - Target has to be a character
 INFO 14:32:14,567 [AWT-EventQueue-0] (frH:215) - [NATION] Trying to remove 11579334 from {Nation id=0} after a disconnection but he's not in it
 INFO 14:32:14,718 [AWT-EventQueue-0] (frH:215) - [NATION] Trying to remove 11579334 from {Nation id=0} after a disconnection but he's not in it
 WARN 14:32:15,574 [AsyncLoader-94] (Gi:59) - Unable to read file:./contents/animations/equipments/equipments.jar!/210420101.anm : JAR entry 210420101.anm not found in ./contents/animations/equipments/equipments.jar
 WARN 14:32:15,726 [AsyncLoader-20] (Gi:59) - Unable to read file:./contents/animations/equipments/equipments.jar!/210420101.anm : JAR entry 210420101.anm not found in ./contents/animations/equipments/equipments.jar
 INFO 14:32:18,596 [AWT-EventQueue-0] (frH:215) - [NATION] Trying to remove 11579712 from {Nation id=0} after a disconnection but he's not in it
 INFO 14:32:18,799 [AWT-EventQueue-0] (frH:215) - [NATION] Trying to remove 11579712 from {Nation id=0} after a disconnection but he's not in it
 WARN 14:32:25,638 [AWT-EventQueue-0] (cEu:39) - Reception d'un messsage d'action pour le monstre -1706442046308329	initié par le joueur 11579712 alors qu'on ne le connait pas
 WARN 14:32:25,838 [AWT-EventQueue-0] (cEu:39) - Reception d'un messsage d'action pour le monstre -1706442046308329	initié par le joueur 11579712 alors qu'on ne le connait pas
 INFO 14:32:28,655 [AWT-EventQueue-0] (Tc:407) - Invalid start cell for pathfind search : doesn't exist. HASHCODE : 2251842762080262
 INFO 14:32:28,656 [AWT-EventQueue-0] (Tc:407) - Invalid start cell for pathfind search : doesn't exist. HASHCODE : 2251842762080262
 INFO 14:32:28,656 [AWT-EventQueue-0] (Tc:407) - Invalid start cell for pathfind search : doesn't exist. HASHCODE : 2251842762080262
 INFO 14:32:29,661 [AWT-EventQueue-0] (Tc:407) - Invalid start cell for pathfind search : doesn't exist. HASHCODE : 2251825582276614
 INFO 14:32:29,662 [AWT-EventQueue-0] (Tc:407) - Invalid start cell for pathfind search : doesn't exist. HASHCODE : 2251825582276614
 INFO 14:32:29,861 [AWT-EventQueue-0] (Tc:407) - Invalid start cell for pathfind search : doesn't exist. HASHCODE : 2251859942014981
 INFO 14:32:29,861 [AWT-EventQueue-0] (Tc:407) - Invalid start cell for pathfind search : doesn't exist. HASHCODE : 2251859942014981
 INFO 14:32:30,668 [AWT-EventQueue-0] (Tc:407) - Invalid start cell for pathfind search : doesn't exist. HASHCODE : 2251825582407686
 INFO 14:32:30,668 [AWT-EventQueue-0] (Tc:407) - Invalid start cell for pathfind search : doesn't exist. HASHCODE : 2251825582407686
 INFO 14:32:30,668 [AWT-EventQueue-0] (Tc:407) - Invalid start cell for pathfind search : doesn't exist. HASHCODE : 2251825582407686
 INFO 14:32:30,669 [AWT-EventQueue-0] (Tc:407) - Invalid start cell for pathfind search : doesn't exist. HASHCODE : 2251825582407686
 INFO 14:32:30,867 [AWT-EventQueue-0] (Tc:407) - Invalid start cell for pathfind search : doesn't exist. HASHCODE : 2251842762211333
 INFO 14:32:30,867 [AWT-EventQueue-0] (Tc:407) - Invalid start cell for pathfind search : doesn't exist. HASHCODE : 2251842762211333
 INFO 14:32:30,867 [AWT-EventQueue-0] (Tc:407) - Invalid start cell for pathfind search : doesn't exist. HASHCODE : 2251842762211333
 INFO 14:32:30,868 [AWT-EventQueue-0] (Tc:407) - Invalid start cell for pathfind search : doesn't exist. HASHCODE : 2251842762211333
 INFO 14:32:33,895 [AWT-EventQueue-0] (Tc:407) - Invalid start cell for pathfind search : doesn't exist. HASHCODE : 2251791223586816
 INFO 14:32:36,728 [AWT-EventQueue-0] (Tc:407) - Invalid start cell for pathfind search : doesn't exist. HASHCODE : 2251688144764928
 INFO 14:32:36,728 [AWT-EventQueue-0] (Tc:407) - Invalid start cell for pathfind search : doesn't exist. HASHCODE : 2251688144764928
 INFO 14:32:36,729 [AWT-EventQueue-0] (Tc:407) - Invalid start cell for pathfind search : doesn't exist. HASHCODE : 2251688144764928
 INFO 14:32:36,729 [AWT-EventQueue-0] (Tc:407) - Invalid start cell for pathfind search : doesn't exist. HASHCODE : 2251688144764928
 INFO 14:32:36,730 [AWT-EventQueue-0] (Tc:407) - Invalid start cell for pathfind search : doesn't exist. HASHCODE : 2251688144764928
 INFO 14:32:37,736 [AWT-EventQueue-0] (Tc:407) - Invalid start cell for pathfind search : doesn't exist. HASHCODE : 2251688144699392
 INFO 14:32:37,736 [AWT-EventQueue-0] (Tc:407) - Invalid start cell for pathfind search : doesn't exist. HASHCODE : 2251688144699392
 INFO 14:32:37,737 [AWT-EventQueue-0] (Tc:407) - Invalid start cell for pathfind search : doesn't exist. HASHCODE : 2251688144699392
 INFO 14:32:37,737 [AWT-EventQueue-0] (Tc:407) - Invalid start cell for pathfind search : doesn't exist. HASHCODE : 2251688144699392
 INFO 14:32:38,932 [AWT-EventQueue-0] (Tc:407) - Invalid start cell for pathfind search : doesn't exist. HASHCODE : 2251653784698891
 INFO 14:32:38,933 [AWT-EventQueue-0] (Tc:407) - Invalid start cell for pathfind search : doesn't exist. HASHCODE : 2251653784698891
 INFO 14:32:38,933 [AWT-EventQueue-0] (Tc:407) - Invalid start cell for pathfind search : doesn't exist. HASHCODE : 2251653784698891
 INFO 14:32:41,768 [AWT-EventQueue-0] (Tc:407) - Invalid start cell for pathfind search : doesn't exist. HASHCODE : 2251722504306699
 INFO 14:32:41,768 [AWT-EventQueue-0] (Tc:407) - Invalid start cell for pathfind search : doesn't exist. HASHCODE : 2251722504306699
 INFO 14:32:41,768 [AWT-EventQueue-0] (Tc:407) - Invalid start cell for pathfind search : doesn't exist. HASHCODE : 2251722504306699
 INFO 14:32:41,768 [AWT-EventQueue-0] (Tc:407) - Invalid start cell for pathfind search : doesn't exist. HASHCODE : 2251722504306699
 INFO 14:32:41,768 [AWT-EventQueue-0] (Tc:407) - Invalid start cell for pathfind search : doesn't exist. HASHCODE : 2251722504306699
 INFO 14:32:41,769 [AWT-EventQueue-0] (Tc:407) - Invalid start cell for pathfind search : doesn't exist. HASHCODE : 2251722504306699
 INFO 14:32:41,955 [AWT-EventQueue-0] (Tc:407) - Invalid start cell for pathfind search : doesn't exist. HASHCODE : 2251739684175885
 INFO 14:32:41,956 [AWT-EventQueue-0] (Tc:407) - Invalid start cell for pathfind search : doesn't exist. HASHCODE : 2251739684175885
 INFO 14:32:41,956 [AWT-EventQueue-0] (Tc:407) - Invalid start cell for pathfind search : doesn't exist. HASHCODE : 2251739684175885
 INFO 14:32:41,956 [AWT-EventQueue-0] (Tc:407) - Invalid start cell for pathfind search : doesn't exist. HASHCODE : 2251739684175885
 INFO 14:32:41,956 [AWT-EventQueue-0] (Tc:407) - Invalid start cell for pathfind search : doesn't exist. HASHCODE : 2251739684175885
 INFO 14:32:43,782 [AWT-EventQueue-0] (Tc:407) - Invalid start cell for pathfind search : doesn't exist. HASHCODE : 2251739684175879
 INFO 14:32:43,783 [AWT-EventQueue-0] (Tc:407) - Invalid start cell for pathfind search : doesn't exist. HASHCODE : 2251739684175879
 INFO 14:32:43,783 [AWT-EventQueue-0] (frH:215) - [NATION] Trying to remove 11574491 from {Nation id=0} after a disconnection but he's not in it
 INFO 14:32:43,968 [AWT-EventQueue-0] (frH:215) - [NATION] Trying to remove 11574491 from {Nation id=0} after a disconnection but he's not in it
 INFO 14:32:44,789 [AWT-EventQueue-0] (frH:215) - [NATION] Trying to remove 11266406 from {Nation id=0} after a disconnection but he's not in it
 INFO 14:32:44,974 [AWT-EventQueue-0] (frH:215) - [NATION] Trying to remove 11266406 from {Nation id=0} after a disconnection but he's not in it
 INFO 14:32:53,850 [AWT-EventQueue-0] (frH:215) - [NATION] Trying to remove 11266406 from {Nation id=0} after a disconnection but he's not in it
 INFO 14:32:54,026 [AWT-EventQueue-0] (frH:215) - [NATION] Trying to remove 11266406 from {Nation id=0} after a disconnection but he's not in it
 WARN 14:33:00,960 [AWT-EventQueue-0] (eVP:68) - Target has to be a character
 WARN 14:33:00,960 [AWT-EventQueue-0] (eVP:68) - Target has to be a character
 WARN 14:33:01,078 [AWT-EventQueue-0] (eVP:68) - Target has to be a character
 WARN 14:33:01,078 [AWT-EventQueue-0] (eVP:68) - Target has to be a character
 WARN 14:33:01,966 [AWT-EventQueue-0] (eVP:68) - Target has to be a character
 WARN 14:33:01,966 [AWT-EventQueue-0] (eVP:68) - Target has to be a character
 WARN 14:33:02,086 [AWT-EventQueue-0] (eVP:68) - Target has to be a character
 WARN 14:33:02,086 [AWT-EventQueue-0] (eVP:68) - Target has to be a character
 INFO 14:33:14,048 [AWT-EventQueue-0] (Tc:407) - Invalid start cell for pathfind search : doesn't exist. HASHCODE : 2251859942080512
 INFO 14:33:14,048 [AWT-EventQueue-0] (Tc:407) - Invalid start cell for pathfind search : doesn't exist. HASHCODE : 2251859942080512
 INFO 14:33:14,049 [AWT-EventQueue-0] (Tc:407) - Invalid start cell for pathfind search : doesn't exist. HASHCODE : 2251859942080512
 INFO 14:33:18,098 [AWT-EventQueue-0] (frH:215) - [NATION] Trying to remove 11574491 from {Nation id=0} after a disconnection but he's not in it
 INFO 14:33:18,183 [AWT-EventQueue-0] (frH:215) - [NATION] Trying to remove 11574491 from {Nation id=0} after a disconnection but he's not in it
 INFO 14:33:20,111 [AWT-EventQueue-0] (Tc:407) - Invalid start cell for pathfind search : doesn't exist. HASHCODE : 2251825582276608
 INFO 14:33:20,111 [AWT-EventQueue-0] (Tc:407) - Invalid start cell for pathfind search : doesn't exist. HASHCODE : 2251825582276608
 INFO 14:33:20,111 [AWT-EventQueue-0] (Tc:407) - Invalid start cell for pathfind search : doesn't exist. HASHCODE : 2251825582276608
 INFO 14:33:20,111 [AWT-EventQueue-0] (Tc:407) - Invalid start cell for pathfind search : doesn't exist. HASHCODE : 2251825582276608
 INFO 14:33:20,112 [AWT-EventQueue-0] (Tc:407) - Invalid start cell for pathfind search : doesn't exist. HASHCODE : 2251825582276608
 INFO 14:33:20,112 [AWT-EventQueue-0] (Tc:407) - Invalid start cell for pathfind search : doesn't exist. HASHCODE : 2251825582276608
 INFO 14:33:21,205 [AWT-EventQueue-0] (Tc:407) - Invalid start cell for pathfind search : doesn't exist. HASHCODE : 2251859942408195
 INFO 14:33:21,205 [AWT-EventQueue-0] (Tc:407) - Invalid start cell for pathfind search : doesn't exist. HASHCODE : 2251859942408195
 INFO 14:33:21,205 [AWT-EventQueue-0] (Tc:407) - Invalid start cell for pathfind search : doesn't exist. HASHCODE : 2251859942408195
 INFO 14:33:21,205 [AWT-EventQueue-0] (Tc:407) - Invalid start cell for pathfind search : doesn't exist. HASHCODE : 2251859942408195
 INFO 14:33:21,205 [AWT-EventQueue-0] (Tc:407) - Invalid start cell for pathfind search : doesn't exist. HASHCODE : 2251859942408195
 INFO 14:33:24,137 [AWT-EventQueue-0] (Tc:407) - Invalid start cell for pathfind search : doesn't exist. HASHCODE : 2252014561165312
 INFO 14:33:24,138 [AWT-EventQueue-0] (Tc:407) - Invalid start cell for pathfind search : doesn't exist. HASHCODE : 2252014561165312
 INFO 14:33:25,148 [AWT-EventQueue-0] (frH:215) - [NATION] Trying to remove 11576373 from {Nation id=0} after a disconnection but he's not in it
 WARN 14:33:25,227 [AsyncLoader-26] (Gi:59) - Unable to read file:./contents/animations/equipments/equipments.jar!/211600100.anm : JAR entry 211600100.anm not found in ./contents/animations/equipments/equipments.jar
 INFO 14:33:25,230 [AWT-EventQueue-0] (frH:215) - [NATION] Trying to remove 11576373 from {Nation id=0} after a disconnection but he's not in it
 INFO 14:33:28,191 [AWT-EventQueue-0] (aXi:35) - Resynchronisation de la position d'un fighter dans notre combat.  FightID = 1552052482, FighterID = 11579715 à la position {Point3 : (-2, -6, 1)}
 INFO 14:33:28,254 [AWT-EventQueue-0] (aXi:35) - Resynchronisation de la position d'un fighter dans notre combat.  FightID = 1552052482, FighterID = 11579715 à la position {Point3 : (-2, -6, 1)}
 WARN 14:33:38,258 [AWT-EventQueue-0] (eVP:68) - Target has to be a character
 WARN 14:33:38,258 [AWT-EventQueue-0] (eVP:68) - Target has to be a character
 WARN 14:33:38,258 [AWT-EventQueue-0] (eVP:68) - Target has to be a character
 WARN 14:33:38,258 [AWT-EventQueue-0] (eVP:68) - Target has to be a character
 WARN 14:33:38,313 [AWT-EventQueue-0] (eVP:68) - Target has to be a character
 WARN 14:33:38,314 [AWT-EventQueue-0] (eVP:68) - Target has to be a character
 WARN 14:33:38,314 [AWT-EventQueue-0] (eVP:68) - Target has to be a character
 WARN 14:33:38,314 [AWT-EventQueue-0] (eVP:68) - Target has to be a character
 INFO 14:33:42,313 [AWT-EventQueue-0] (Tc:407) - Invalid start cell for pathfind search : doesn't exist. HASHCODE : 2251842762080262
 INFO 14:33:42,313 [AWT-EventQueue-0] (Tc:407) - Invalid start cell for pathfind search : doesn't exist. HASHCODE : 2251842762080262
 INFO 14:33:42,313 [AWT-EventQueue-0] (Tc:407) - Invalid start cell for pathfind search : doesn't exist. HASHCODE : 2251842762080262
 INFO 14:33:42,314 [AWT-EventQueue-0] (Tc:407) - Invalid start cell for pathfind search : doesn't exist. HASHCODE : 2251842762080262
 WARN 14:33:43,326 [AWT-EventQueue-0] (eVP:68) - Target has to be a character
 WARN 14:33:43,327 [AWT-EventQueue-0] (eVP:68) - Target has to be a character
 WARN 14:33:43,327 [AWT-EventQueue-0] (eVP:68) - Target has to be a character
 WARN 14:33:43,327 [AWT-EventQueue-0] (eVP:68) - Target has to be a character
 WARN 14:33:43,350 [AWT-EventQueue-0] (eVP:68) - Target has to be a character
 WARN 14:33:43,350 [AWT-EventQueue-0] (eVP:68) - Target has to be a character
 WARN 14:33:43,350 [AWT-EventQueue-0] (eVP:68) - Target has to be a character
 WARN 14:33:43,350 [AWT-EventQueue-0] (eVP:68) - Target has to be a character
 INFO 14:33:44,338 [AWT-EventQueue-0] (Tc:407) - Invalid start cell for pathfind search : doesn't exist. HASHCODE : 2251842762342406
 INFO 14:33:44,338 [AWT-EventQueue-0] (Tc:407) - Invalid start cell for pathfind search : doesn't exist. HASHCODE : 2251842762342406
 INFO 14:33:44,338 [AWT-EventQueue-0] (Tc:407) - Invalid start cell for pathfind search : doesn't exist. HASHCODE : 2251842762342406
 INFO 14:33:44,338 [AWT-EventQueue-0] (Tc:407) - Invalid start cell for pathfind search : doesn't exist. HASHCODE : 2251842762342406
 INFO 14:33:44,339 [AWT-EventQueue-0] (Tc:407) - Invalid start cell for pathfind search : doesn't exist. HASHCODE : 2251842762342406
 INFO 14:33:44,360 [AWT-EventQueue-0] (Tc:407) - Invalid start cell for pathfind search : doesn't exist. HASHCODE : 2251859942211587
 INFO 14:33:44,360 [AWT-EventQueue-0] (Tc:407) - Invalid start cell for pathfind search : doesn't exist. HASHCODE : 2251859942211587
 INFO 14:33:44,360 [AWT-EventQueue-0] (Tc:407) - Invalid start cell for pathfind search : doesn't exist. HASHCODE : 2251859942211587
 INFO 14:33:44,360 [AWT-EventQueue-0] (Tc:407) - Invalid start cell for pathfind search : doesn't exist. HASHCODE : 2251859942211587
 INFO 14:33:44,360 [AWT-EventQueue-0] (Tc:407) - Invalid start cell for pathfind search : doesn't exist. HASHCODE : 2251859942211587
 INFO 14:33:48,371 [AWT-EventQueue-0] (Tc:407) - Invalid start cell for pathfind search : doesn't exist. HASHCODE : 2251825582342150
 INFO 14:33:48,371 [AWT-EventQueue-0] (Tc:407) - Invalid start cell for pathfind search : doesn't exist. HASHCODE : 2251825582342150
 INFO 14:33:48,372 [AWT-EventQueue-0] (Tc:407) - Invalid start cell for pathfind search : doesn't exist. HASHCODE : 2251825582342150
 INFO 14:33:49,378 [AWT-EventQueue-0] (Tc:407) - Invalid start cell for pathfind search : doesn't exist. HASHCODE : 2251963021492230
 INFO 14:33:49,378 [AWT-EventQueue-0] (Tc:407) - Invalid start cell for pathfind search : doesn't exist. HASHCODE : 2251963021492230
 INFO 14:33:49,401 [AWT-EventQueue-0] (Tc:407) - Invalid start cell for pathfind search : doesn't exist. HASHCODE : 2251980201295878
 INFO 14:33:49,402 [AWT-EventQueue-0] (Tc:407) - Invalid start cell for pathfind search : doesn't exist. HASHCODE : 2251980201295878
 INFO 14:33:50,408 [AWT-EventQueue-0] (Tc:407) - Invalid start cell for pathfind search : doesn't exist. HASHCODE : 2251859942211589
 INFO 14:33:50,408 [AWT-EventQueue-0] (Tc:407) - Invalid start cell for pathfind search : doesn't exist. HASHCODE : 2251859942211589
 INFO 14:33:51,393 [AWT-EventQueue-0] (frH:215) - [NATION] Trying to remove 11506488 from {Nation id=0} after a disconnection but he's not in it
 INFO 14:33:51,417 [AWT-EventQueue-0] (frH:215) - [NATION] Trying to remove 11506488 from {Nation id=0} after a disconnection but he's not in it
 WARN 14:34:14,532 [AWT-EventQueue-0] (eVP:68) - Target has to be a character
 WARN 14:34:14,532 [AWT-EventQueue-0] (eVP:68) - Target has to be a character
 WARN 14:34:14,532 [AWT-EventQueue-0] (eVP:68) - Target has to be a character
 WARN 14:34:14,532 [AWT-EventQueue-0] (eVP:68) - Target has to be a character
 WARN 14:34:14,539 [AWT-EventQueue-0] (eVP:68) - Target has to be a character
 WARN 14:34:14,539 [AWT-EventQueue-0] (eVP:68) - Target has to be a character
 WARN 14:34:14,540 [AWT-EventQueue-0] (eVP:68) - Target has to be a character
 WARN 14:34:14,540 [AWT-EventQueue-0] (eVP:68) - Target has to be a character
 INFO 14:34:23,600 [AWT-EventQueue-0] (frH:215) - [NATION] Trying to remove 11579715 from {Nation id=0} after a disconnection but he's not in it
 INFO 14:34:23,600 [AWT-EventQueue-0] (frH:215) - [NATION] Trying to remove 11579715 from {Nation id=0} after a disconnection but he's not in it
 WARN 14:34:28,630 [AWT-EventQueue-0] (cEu:39) - Reception d'un messsage d'action pour le monstre -1706442046308329	initié par le joueur 11579715 alors qu'on ne le connait pas
 WARN 14:34:28,630 [AWT-EventQueue-0] (cEu:39) - Reception d'un messsage d'action pour le monstre -1706442046308329	initié par le joueur 11579715 alors qu'on ne le connait pas
 INFO 14:34:37,893 [AWT-EventQueue-0] (UP:73) - WakfuGameCalendar : adding periodic ClimateUpdateEvent event, period= 12 minutes 
 INFO 14:34:37,896 [AWT-EventQueue-0] (ciD:117) - NetInFight Added
 INFO 14:34:37,897 [AWT-EventQueue-0] (ciD:117) - NetInFight Added
 INFO 14:34:37,989 [AWT-EventQueue-0] (aXI:47) - CREATION DU COMBAT
 INFO 14:34:37,990 [AWT-EventQueue-0] (faw:1405) - [_FL_] fightId=1552052503 Mama Wapin breed : 5456 [ENTITE5] isControlledByAI=true obstacleId : -1 join the fight at {Point3 : (2, 4, 1)}
 INFO 14:34:37,990 [AWT-EventQueue-0] (faw:1405) - [_FL_] fightId=1552052503 Mama Wapin breed : 5456 [ENTITE6] isControlledByAI=true obstacleId : -1 join the fight at {Point3 : (1, -4, 1)}
 INFO 14:34:37,995 [AWT-EventQueue-0] (faw:1405) - [_FL_] fightId=1552052503 PJ2 breed : 3 [ENTITE3] isControlledByAI=false obstacleId : -1 join the fight at {Point3 : (3, -2, 2)}
 WARN 14:34:39,489 [AWT-EventQueue-0] (cEu:39) - Reception d'un messsage d'action pour le monstre -1706442046308329	initié par le joueur 11579715 alors qu'on ne le connait pas
 WARN 14:34:39,505 [AWT-EventQueue-0] (cEu:39) - Reception d'un messsage d'action pour le monstre -1706442046308329	initié par le joueur 11579715 alors qu'on ne le connait pas
 WARN 14:34:40,504 [AWT-EventQueue-0] (aXm:191) - Unable to find a valid RunningEffectManager to apply effect d'id 353983
 WARN 14:34:40,504 [AWT-EventQueue-0] (aXm:191) - Unable to find a valid RunningEffectManager to apply effect d'id -5
 WARN 14:34:40,504 [AWT-EventQueue-0] (aXm:191) - Unable to find a valid RunningEffectManager to apply effect d'id 252845
 WARN 14:34:40,504 [AWT-EventQueue-0] (aXm:191) - Unable to find a valid RunningEffectManager to apply effect d'id 329136
 WARN 14:34:40,504 [AWT-EventQueue-0] (aXm:191) - Unable to find a valid RunningEffectManager to apply effect d'id 329137
 WARN 14:34:40,505 [AWT-EventQueue-0] (aXm:191) - Unable to find a valid RunningEffectManager to apply effect d'id 300532
 WARN 14:34:40,505 [AWT-EventQueue-0] (aXm:191) - Unable to find a valid RunningEffectManager to apply effect d'id 283244
 WARN 14:34:40,505 [AWT-EventQueue-0] (aXm:191) - Unable to find a valid RunningEffectManager to apply effect d'id 300532
 WARN 14:34:40,505 [AWT-EventQueue-0] (aXm:191) - Unable to find a valid RunningEffectManager to apply effect d'id 283355
 WARN 14:34:40,506 [AWT-EventQueue-0] (aXm:191) - Unable to find a valid RunningEffectManager to apply effect d'id 283356
 WARN 14:34:40,506 [AWT-EventQueue-0] (aXm:191) - Unable to find a valid RunningEffectManager to apply effect d'id 283244
 WARN 14:34:40,506 [AWT-EventQueue-0] (aXm:191) - Unable to find a valid RunningEffectManager to apply effect d'id 323781
 WARN 14:34:40,506 [AWT-EventQueue-0] (aXm:191) - Unable to find a valid RunningEffectManager to apply effect d'id 323782
 INFO 14:34:40,506 [AWT-EventQueue-0] (UP:73) - WakfuGameCalendar : adding periodic ClimateUpdateEvent event, period= 12 minutes 
 INFO 14:34:40,507 [AWT-EventQueue-0] (ciD:117) - NetInFight Added
 INFO 14:34:40,507 [AWT-EventQueue-0] (ciD:117) - NetInFight Added
 WARN 14:34:40,518 [AWT-EventQueue-0] (aXm:191) - Unable to find a valid RunningEffectManager to apply effect d'id 353983
 WARN 14:34:40,518 [AWT-EventQueue-0] (bvm:58) - Pas de cible sur laquelle appliquer les HMI pour l'effet 400
 WARN 14:34:40,519 [AWT-EventQueue-0] (aXm:191) - Unable to find a valid RunningEffectManager to apply effect d'id -5
 WARN 14:34:40,519 [AWT-EventQueue-0] (bvm:58) - Pas de cible sur laquelle appliquer les HMI pour l'effet 310
 WARN 14:34:40,519 [AWT-EventQueue-0] (aXm:191) - Unable to find a valid RunningEffectManager to apply effect d'id 252845
 WARN 14:34:40,519 [AWT-EventQueue-0] (aXm:191) - Unable to find a valid RunningEffectManager to apply effect d'id 329136
 WARN 14:34:40,519 [AWT-EventQueue-0] (aXm:191) - Unable to find a valid RunningEffectManager to apply effect d'id 329137
 WARN 14:34:40,519 [AWT-EventQueue-0] (aXm:191) - Unable to find a valid RunningEffectManager to apply effect d'id 300532
 WARN 14:34:40,519 [AWT-EventQueue-0] (aXm:191) - Unable to find a valid RunningEffectManager to apply effect d'id 283244
 WARN 14:34:40,520 [AWT-EventQueue-0] (aXm:191) - Unable to find a valid RunningEffectManager to apply effect d'id 300532
 WARN 14:34:40,520 [AWT-EventQueue-0] (aXm:191) - Unable to find a valid RunningEffectManager to apply effect d'id 283355
 WARN 14:34:40,520 [AWT-EventQueue-0] (aXm:191) - Unable to find a valid RunningEffectManager to apply effect d'id 283356
 WARN 14:34:40,521 [AWT-EventQueue-0] (aXm:191) - Unable to find a valid RunningEffectManager to apply effect d'id 283244
 WARN 14:34:40,521 [AWT-EventQueue-0] (aXm:191) - Unable to find a valid RunningEffectManager to apply effect d'id 323781
 WARN 14:34:40,521 [AWT-EventQueue-0] (aXm:191) - Unable to find a valid RunningEffectManager to apply effect d'id 323782
 INFO 14:34:40,608 [AWT-EventQueue-0] (aXI:47) - CREATION DU COMBAT
 INFO 14:34:40,608 [AWT-EventQueue-0] (faw:1405) - [_FL_] fightId=1552052503 Mama Wapin breed : 5456 [ENTITE5] isControlledByAI=true obstacleId : -1 join the fight at {Point3 : (2, 4, 1)}
 INFO 14:34:40,609 [AWT-EventQueue-0] (faw:1405) - [_FL_] fightId=1552052503 Mama Wapin breed : 5456 [ENTITE6] isControlledByAI=true obstacleId : -1 join the fight at {Point3 : (1, -4, 1)}
 INFO 14:34:40,609 [AWT-EventQueue-0] (faw:1405) - [_FL_] fightId=1552052503 PJ2 breed : 3 [ENTITE3] isControlledByAI=false obstacleId : -1 join the fight at {Point3 : (3, -2, 2)}
 INFO 14:34:40,612 [AWT-EventQueue-0] (faw:1405) - [_FL_] fightId=1552052503 PJ1 breed : 7 [ENTITE2] isControlledByAI=false obstacleId : -1 join the fight at {Point3 : (5, -1, 2)}
 INFO 14:34:40,636 [AWT-EventQueue-0] (faw:1405) - [_FL_] fightId=1552052503 PJ1 breed : 7 [ENTITE2] isControlledByAI=false obstacleId : -1 join the fight at {Point3 : (5, -1, 2)}
 INFO 14:34:42,309 [AWT-EventQueue-0] (frH:215) - [NATION] Trying to remove 11532411 from {Nation id=0} after a disconnection but he's not in it
 INFO 14:34:44,203 [AWT-EventQueue-0] (cjr:53) - Unserializing effects for fighter 10910227, byte size : 3607
 INFO 14:34:44,227 [AWT-EventQueue-0] (cjr:53) - Unserializing effects for fighter 10662067, byte size : 18056
 INFO 14:34:44,232 [AWT-EventQueue-0] (cjr:53) - Unserializing effects for fighter 10910227, byte size : 3607
 INFO 14:34:44,234 [AWT-EventQueue-0] (cjr:53) - Unserializing effects for fighter 10662067, byte size : 18056
 INFO 14:34:44,900 [AWT-EventQueue-0] (aPV:174) - [Information (combat)] PJ2: Invoque un(e) Phorreur Immature 
 INFO 14:34:44,900 [AWT-EventQueue-0] (eXG:105) - Instanciation d'une nouvelle invocation avec un id de -1706442038273048
 INFO 14:34:44,901 [AWT-EventQueue-0] (faw:1405) - [_FL_] fightId=1552052503 Phorreur Immature breed : 1381 [ENTITE7] isControlledByAI=true obstacleId : 4 join the fight at {Point3 : (3, -1, 3)}
 INFO 14:34:44,928 [AWT-EventQueue-0] (aPV:174) - [Information (combat)] PJ2: Invoque un(e) Phorreur Immature 
 INFO 14:34:44,929 [AWT-EventQueue-0] (eXG:105) - Instanciation d'une nouvelle invocation avec un id de -1706442038273048
 INFO 14:34:44,929 [AWT-EventQueue-0] (faw:1405) - [_FL_] fightId=1552052503 Phorreur Immature breed : 1381 [ENTITE7] isControlledByAI=true obstacleId : 4 join the fight at {Point3 : (3, -1, 3)}
 INFO 14:34:44,961 [AWT-EventQueue-0] (aPV:174) - [Information (combat)] PJ1: 1 PA (Force vitale)
 INFO 14:34:44,962 [AWT-EventQueue-0] (aPV:174) - [Information (combat)] PJ1: 30 % Soins réalisés (Ponction)
 INFO 14:34:44,968 [AWT-EventQueue-0] (aPV:174) - [Information (combat)] PJ1: 1 PA (Force vitale)
 INFO 14:34:44,969 [AWT-EventQueue-0] (aPV:174) - [Information (combat)] PJ1: 30 % Soins réalisés (Ponction)
 INFO 14:34:47,709 [AWT-EventQueue-0] (aPV:174) - [Information (combat)] PJ1 lance le sort Vivification
 INFO 14:34:47,750 [AWT-EventQueue-0] (aPV:174) - [Information (combat)] PJ1 lance le sort Vivification
 INFO 14:34:48,614 [AWT-EventQueue-0] (aPV:174) - [Information (combat)] Mama Wapin: -1 514 PV (Eau)
 INFO 14:34:48,653 [AWT-EventQueue-0] (aPV:174) - [Information (combat)] Mama Wapin: -1 514 PV (Eau)
 WARN 14:34:49,759 [AWT-EventQueue-0] (eVP:68) - Target has to be a character
 WARN 14:34:49,759 [AWT-EventQueue-0] (eVP:68) - Target has to be a character
 WARN 14:34:49,759 [AWT-EventQueue-0] (eVP:68) - Target has to be a character
 WARN 14:34:49,759 [AWT-EventQueue-0] (eVP:68) - Target has to be a character
 INFO 14:34:50,511 [AWT-EventQueue-0] (aPV:174) - [Information (combat)] Mama Wapin est hors-combat !
 INFO 14:34:50,519 [AWT-EventQueue-0] (aPV:174) - [Information (combat)] Mama Wapin est hors-combat !
 INFO 14:34:51,214 [AWT-EventQueue-0] (aPV:174) - [Information (combat)] PJ1: 0 PW (Grâce naturelle)
 INFO 14:34:51,216 [AWT-EventQueue-0] (aPV:174) - [Information (combat)] PJ1: Bonus de grâce (+10 Niv.)
 INFO 14:34:51,218 [AWT-EventQueue-0] (aPV:174) - [Information (combat)] 62 secondes reportées pour le tour suivant.
 INFO 14:34:51,243 [AWT-EventQueue-0] (aPV:174) - [Information (combat)] PJ1: 0 PW (Grâce naturelle)
 INFO 14:34:51,245 [AWT-EventQueue-0] (aPV:174) - [Information (combat)] PJ1: Bonus de grâce (+10 Niv.)
 INFO 14:34:51,246 [AWT-EventQueue-0] (aPV:174) - [Information (combat)] 63 secondes reportées pour le tour suivant.
 INFO 14:34:53,062 [AWT-EventQueue-0] (Tc:407) - Invalid start cell for pathfind search : doesn't exist. HASHCODE : 2251842762211329
 INFO 14:34:53,206 [AWT-EventQueue-0] (Tc:407) - Invalid start cell for pathfind search : doesn't exist. HASHCODE : 2251842762211331
 INFO 14:34:53,407 [AWT-EventQueue-0] (Tc:407) - Invalid start cell for pathfind search : doesn't exist. HASHCODE : 2251842762211329
 INFO 14:34:56,407 [AWT-EventQueue-0] (frH:215) - [NATION] Trying to remove 11565329 from {Nation id=0} after a disconnection but he's not in it
 INFO 14:34:56,872 [AWT-EventQueue-0] (frH:215) - [NATION] Trying to remove 11579334 from {Nation id=0} after a disconnection but he's not in it
 INFO 14:34:57,116 [AWT-EventQueue-0] (aVv:664) - Sending DisconnectionMessage to Servers. Reason : {Quit Request From Client}
 INFO 14:34:57,116 [inter-chat-2-2] (aZn:50) - [CHAT] Connection closed
 INFO 14:34:57,118 [Net-Cnx-wakfu-pandora.ankama-games.com:5556>0] (cgf:43) - Connexion avec le serveur perdue ChannelHandlerContext(aVk#0, [id: 0xef2edb0a, L:/IP-LOCALE:45214 ! R:wakfu-pandora.ankama-games.com/34.241.166.4:5556])
 INFO 14:34:57,128 [AWT-EventQueue-0] (aPP:442) - save chat config
 INFO 14:34:57,148 [SoundManager] (aHV:999) - SoundManager stopped
 INFO 14:34:57,149 [AWT-EventQueue-0] (aVv:664) - Sending DisconnectionMessage to Servers. Reason : {UI Closed}
 INFO 14:34:57,150 [AWT-EventQueue-0] (cFw:35) - Stopping cFC...
 INFO 14:34:57,522 [AWT-EventQueue-0] (frH:215) - [NATION] Trying to remove 11404647 from {Nation id=0} after a disconnection but he's not in it
 INFO 14:35:01,498 [AWT-EventQueue-0] (frH:215) - [NATION] Trying to remove 11579716 from {Nation id=0} after a disconnection but he's not in it
 INFO 14:35:02,718 [main] (aVt:410) - Chargement de la configuration depuis le fichier : '/home/USER/.config/zaap/gamesLogs/wakfu/config'
ERROR 14:35:02,721 [main] (FE:324) - Impossible de trouver le fichier de propriété /home/USER/.config/zaap/gamesLogs/wakfu/config
 INFO 14:35:02,724 [main] (aVt:410) - Chargement de la configuration depuis le fichier : 'config.properties'
 INFO 14:35:02,727 [main] (com.ankamagames.wakfu.client.WakfuClient:284) - Configuration loaded for region WESTERN (by country detection for null): config.properties
 INFO 14:35:03,009 [main] (eEt:113) - 1.92 (build -1 [2026-08-22 @ 14H35min02])
 INFO 14:35:03,013 [main] (com.ankamagames.wakfu.client.WakfuClient:195) - -Xms2G
 INFO 14:35:03,013 [main] (com.ankamagames.wakfu.client.WakfuClient:195) - -Xmx4G
 INFO 14:35:03,013 [main] (com.ankamagames.wakfu.client.WakfuClient:195) - -XX:+UnlockExperimentalVMOptions
 INFO 14:35:03,013 [main] (com.ankamagames.wakfu.client.WakfuClient:195) - -XX:+UseG1GC
 INFO 14:35:03,013 [main] (com.ankamagames.wakfu.client.WakfuClient:195) - -XX:G1NewSizePercent=20
 INFO 14:35:03,014 [main] (com.ankamagames.wakfu.client.WakfuClient:195) - -XX:G1ReservePercent=20
 INFO 14:35:03,014 [main] (com.ankamagames.wakfu.client.WakfuClient:195) - -Djava.net.preferIPv4Stack=true
 INFO 14:35:03,014 [main] (com.ankamagames.wakfu.client.WakfuClient:195) - -Dsun.awt.noerasebackground=true
 INFO 14:35:03,014 [main] (com.ankamagames.wakfu.client.WakfuClient:195) - -Dsun.java2d.noddraw=true
 INFO 14:35:03,014 [main] (com.ankamagames.wakfu.client.WakfuClient:195) - -Djogl.disable.openglarbcontext
 INFO 14:35:03,014 [main] (com.ankamagames.wakfu.client.WakfuClient:195) - -Dsun.java2d.opengl=true
 INFO 14:35:03,014 [main] (com.ankamagames.wakfu.client.WakfuClient:195) - --add-opens=java.desktop/sun.awt=ALL-UNNAMED
 INFO 14:35:03,014 [main] (com.ankamagames.wakfu.client.WakfuClient:195) - -Dsun.java2d.uiScale.enabled=true
 INFO 14:35:03,014 [main] (com.ankamagames.wakfu.client.WakfuClient:195) - -Djava.library.path=natives/
 INFO 14:35:03,014 [main] (com.ankamagames.wakfu.client.WakfuClient:197) - java.vm.vendor = Eclipse Adoptium
 INFO 14:35:03,014 [main] (com.ankamagames.wakfu.client.WakfuClient:198) - java.runtime.name = OpenJDK Runtime Environment
 INFO 14:35:03,015 [main] (com.ankamagames.wakfu.client.WakfuClient:199) - java.vm.name = OpenJDK 64-Bit Server VM
 INFO 14:35:03,015 [main] (com.ankamagames.wakfu.client.WakfuClient:200) - java.vm.version = 21.0.11+10-LTS
 INFO 14:35:03,015 [main] (com.ankamagames.wakfu.client.WakfuClient:201) - java.runtime.version = 21.0.11+10-LTS
 INFO 14:35:03,015 [main] (com.ankamagames.wakfu.client.WakfuClient:202) - os.name = Linux
 INFO 14:35:03,015 [main] (com.ankamagames.wakfu.client.WakfuClient:203) - os.arch = amd64
 INFO 14:35:03,015 [main] (com.ankamagames.wakfu.client.WakfuClient:204) - os.version = 7.1.8-200.fc44.x86_64
 INFO 14:35:03,015 [main] (com.ankamagames.wakfu.client.WakfuClient:205) - sun.os.patch.level = null
 INFO 14:35:03,015 [main] (com.ankamagames.wakfu.client.WakfuClient:206) - user.language = en
 INFO 14:35:03,015 [main] (com.ankamagames.wakfu.client.WakfuClient:207) - user.country = US
 INFO 14:35:03,021 [main] (com.ankamagames.wakfu.client.WakfuClient:213) - log path=/home/USER/.config/zaap/gamesLogs/wakfu
 INFO 14:35:03,399 [MessageScheduler] (aBA:299) - MessageScheduler running
 INFO 14:35:03,491 [AWT-EventQueue-0] (cFw:27) - Starting cFC...
 WARN 14:35:03,492 [AWT-EventQueue-0] (cFC:114) - Updater communication service is not currently configured: Service is unactivated.
 INFO 14:35:03,519 [AWT-EventQueue-0] (UH:34) - GameDate initialized. Timezone : sun.util.calendar.ZoneInfo[id="UTC",offset=0,dstSavings=0,useDaylight=false,transitions=0,lastRule=null]
 INFO 14:35:03,523 [AWT-EventQueue-0] (ahF:99) - Initializing GLApplication UI
 INFO 14:35:03,826 [AWT-EventQueue-0] (ahF:103) - GLappUI : Workspace created
 INFO 14:35:03,826 [AWT-EventQueue-0] (ahF:107) - GLappUI : Renderer created
 INFO 14:35:03,863 [AWT-EventQueue-0] (ahF:134) - GLappUI : Frame created
 INFO 14:35:03,907 [AWT-EventQueue-0] (ahF:422) - Applying resolution : {Resolution : 1712x1398x-1 Windowed 144Hz Prefered screen ID: :0.0 x: 2784 y: 37 hide taskbar: false}
 INFO 14:35:04,280 [AWT-EventQueue-0] (ahF:450) - Surface scale : [1.0, 1.0]
 INFO 14:35:04,287 [AWT-EventQueue-0] (ahF:354) - GLappUI : GL Rendering started
 INFO 14:35:04,924 [AWT-EventQueue-0] (fOX:2008) - Custom texture loaded : file:/home/USER/.config/Ankama/Wakfu/./themes/theme_Ymoka_Nightflow/theme/images/themeSimple.png
 INFO 14:35:04,925 [AWT-EventQueue-0] (fOX:2008) - Custom texture loaded : file:/home/USER/.config/Ankama/Wakfu/./themes/theme_Ymoka_Nightflow/theme/images/themeSimple2.png
 INFO 14:35:04,925 [AWT-EventQueue-0] (fOX:2008) - Custom texture loaded : file:/home/USER/.config/Ankama/Wakfu/./themes/theme_Ymoka_Nightflow/theme/images/themeSimple3.png
 INFO 14:35:04,925 [AWT-EventQueue-0] (fOX:2008) - Custom texture loaded : file:/home/USER/.config/Ankama/Wakfu/./themes/theme_Ymoka_Nightflow/theme/images/themeDefault.png
 INFO 14:35:04,925 [AWT-EventQueue-0] (fOX:2008) - Custom texture loaded : file:/home/USER/.config/Ankama/Wakfu/./themes/theme_Ymoka_Nightflow/theme/images/themeDefault2.png
 INFO 14:35:04,926 [AWT-EventQueue-0] (fOX:2008) - Custom texture loaded : file:/home/USER/.config/Ankama/Wakfu/./themes/theme_Ymoka_Nightflow/theme/images/themeOver.png
 INFO 14:35:04,926 [AWT-EventQueue-0] (fOX:2008) - Custom texture loaded : file:/home/USER/.config/Ankama/Wakfu/./themes/theme_Ymoka_Nightflow/theme/images/themeOver2.png
 INFO 14:35:04,926 [AWT-EventQueue-0] (fOX:2008) - Custom texture loaded : file:/home/USER/.config/Ankama/Wakfu/./themes/theme_Ymoka_Nightflow/theme/images/themePressed.png
 INFO 14:35:04,926 [AWT-EventQueue-0] (fOX:2008) - Custom texture loaded : file:/home/USER/.config/Ankama/Wakfu/./themes/theme_Ymoka_Nightflow/theme/images/themePressed2.png
 INFO 14:35:04,927 [AWT-EventQueue-0] (fOX:2008) - Custom texture loaded : file:/home/USER/.config/Ankama/Wakfu/./themes/theme_Ymoka_Nightflow/theme/images/themeDisabled.png
 INFO 14:35:04,927 [AWT-EventQueue-0] (fOX:2008) - Custom texture loaded : file:/home/USER/.config/Ankama/Wakfu/./themes/theme_Ymoka_Nightflow/theme/images/themeDisabled2.png
 INFO 14:35:04,927 [AWT-EventQueue-0] (fOX:2008) - Custom texture loaded : file:/home/USER/.config/Ankama/Wakfu/./themes/theme_Ymoka_Nightflow/theme/images/selectedThemeDefault.png
 INFO 14:35:04,927 [AWT-EventQueue-0] (fOX:2008) - Custom texture loaded : file:/home/USER/.config/Ankama/Wakfu/./themes/theme_Ymoka_Nightflow/theme/images/selectedThemeOver.png
 INFO 14:35:04,927 [AWT-EventQueue-0] (fOX:2008) - Custom texture loaded : file:/home/USER/.config/Ankama/Wakfu/./themes/theme_Ymoka_Nightflow/theme/images/selectedThemePressed.png
 INFO 14:35:04,928 [AWT-EventQueue-0] (fOX:2008) - Custom texture loaded : file:/home/USER/.config/Ankama/Wakfu/./themes/theme_Ymoka_Nightflow/theme/images/selectedThemeDisabled.png
 INFO 14:35:04,928 [AWT-EventQueue-0] (fOX:2008) - Custom texture loaded : file:/home/USER/.config/Ankama/Wakfu/./themes/theme_Ymoka_Nightflow/theme/images/iconesMruDefault.png
 INFO 14:35:04,928 [AWT-EventQueue-0] (fOX:2008) - Custom texture loaded : file:/home/USER/.config/Ankama/Wakfu/./themes/theme_Ymoka_Nightflow/theme/images/iconesMruDisabled.png
 INFO 14:35:04,928 [AWT-EventQueue-0] (fOX:2008) - Custom texture loaded : file:/home/USER/.config/Ankama/Wakfu/./themes/theme_Ymoka_Nightflow/theme/images/iconesMruOver.png
 INFO 14:35:04,929 [AWT-EventQueue-0] (fOX:2008) - Custom texture loaded : file:/home/USER/.config/Ankama/Wakfu/./themes/theme_Ymoka_Nightflow/theme/images/iconesMruPressed.png
 INFO 14:35:04,929 [AWT-EventQueue-0] (fOX:2008) - Custom texture loaded : file:/home/USER/.config/Ankama/Wakfu/./themes/theme_Ymoka_Nightflow/theme/images/havreSacDecor.png
 INFO 14:35:04,929 [AWT-EventQueue-0] (fOX:2008) - Custom texture loaded : file:/home/USER/.config/Ankama/Wakfu/./themes/theme_Ymoka_Nightflow/theme/images/dungeon.png
 INFO 14:35:04,930 [AWT-EventQueue-0] (fOX:2008) - Custom texture loaded : file:/home/USER/.config/Ankama/Wakfu/./themes/theme_Ymoka_Nightflow/theme/images/addCompanion.png
 INFO 14:35:04,930 [AWT-EventQueue-0] (fOX:2008) - Custom texture loaded : file:/home/USER/.config/Ankama/Wakfu/./themes/theme_Ymoka_Nightflow/theme/images/newCharacter.png
 INFO 14:35:04,930 [AWT-EventQueue-0] (fOX:2008) - Custom texture loaded : file:/home/USER/.config/Ankama/Wakfu/./themes/theme_Ymoka_Nightflow/theme/images/Paysage.png
 INFO 14:35:04,930 [AWT-EventQueue-0] (fOX:2008) - Custom texture loaded : file:/home/USER/.config/Ankama/Wakfu/./themes/theme_Ymoka_Nightflow/theme/images/socle_reward.png
 INFO 14:35:04,930 [AWT-EventQueue-0] (fOX:2008) - Custom texture loaded : file:/home/USER/.config/Ankama/Wakfu/./themes/theme_Ymoka_Nightflow/theme/images/passeport.png
 INFO 14:35:04,931 [AWT-EventQueue-0] (fOX:2008) - Custom texture loaded : file:/home/USER/.config/Ankama/Wakfu/./themes/theme_Ymoka_Nightflow/theme/images/ladder_donjon_empty.png
 INFO 14:35:04,931 [AWT-EventQueue-0] (fOX:2008) - Custom texture loaded : file:/home/USER/.config/Ankama/Wakfu/./themes/theme_Ymoka_Nightflow/theme/images/shardBlueFull.png
 INFO 14:35:04,931 [AWT-EventQueue-0] (fOX:2008) - Custom texture loaded : file:/home/USER/.config/Ankama/Wakfu/./themes/theme_Ymoka_Nightflow/theme/images/shardBlueEmpty.png
 INFO 14:35:04,931 [AWT-EventQueue-0] (fOX:2008) - Custom texture loaded : file:/home/USER/.config/Ankama/Wakfu/./themes/theme_Ymoka_Nightflow/theme/images/shardRedFull.png
 INFO 14:35:04,932 [AWT-EventQueue-0] (fOX:2008) - Custom texture loaded : file:/home/USER/.config/Ankama/Wakfu/./themes/theme_Ymoka_Nightflow/theme/images/shardRedEmpty.png
 INFO 14:35:04,932 [AWT-EventQueue-0] (fOX:2008) - Custom texture loaded : file:/home/USER/.config/Ankama/Wakfu/./themes/theme_Ymoka_Nightflow/theme/images/shardGreenFull.png
 INFO 14:35:04,932 [AWT-EventQueue-0] (fOX:2008) - Custom texture loaded : file:/home/USER/.config/Ankama/Wakfu/./themes/theme_Ymoka_Nightflow/theme/images/shardGreenEmpty.png
 INFO 14:35:04,932 [AWT-EventQueue-0] (fOX:2008) - Custom texture loaded : file:/home/USER/.config/Ankama/Wakfu/./themes/theme_Ymoka_Nightflow/theme/images/shardWhiteFull.png
 INFO 14:35:04,933 [AWT-EventQueue-0] (fOX:2008) - Custom texture loaded : file:/home/USER/.config/Ankama/Wakfu/./themes/theme_Ymoka_Nightflow/theme/images/shardWhiteEmpty.png
 INFO 14:35:04,933 [AWT-EventQueue-0] (fOX:2008) - Custom texture loaded : file:/home/USER/.config/Ankama/Wakfu/./themes/theme_Ymoka_Nightflow/theme/images/shardMultiEmpty.png
 INFO 14:35:04,933 [AWT-EventQueue-0] (fOX:2008) - Custom texture loaded : file:/home/USER/.config/Ankama/Wakfu/./themes/theme_Ymoka_Nightflow/theme/images/shardMultiFull.png
 INFO 14:35:04,933 [AWT-EventQueue-0] (fOX:2008) - Custom texture loaded : file:/home/USER/.config/Ankama/Wakfu/./themes/theme_Ymoka_Nightflow/theme/images/shardMultiHalf.png
 INFO 14:35:04,933 [AWT-EventQueue-0] (fOX:2008) - Custom texture loaded : file:/home/USER/.config/Ankama/Wakfu/./themes/theme_Ymoka_Nightflow/theme/images/itemsRarityBorders/old.png
 INFO 14:35:04,934 [AWT-EventQueue-0] (fOX:2008) - Custom texture loaded : file:/home/USER/.config/Ankama/Wakfu/./themes/theme_Ymoka_Nightflow/theme/images/itemsRarityBorders/common.png
 INFO 14:35:04,934 [AWT-EventQueue-0] (fOX:2008) - Custom texture loaded : file:/home/USER/.config/Ankama/Wakfu/./themes/theme_Ymoka_Nightflow/theme/images/itemsRarityBorders/rare.png
 INFO 14:35:04,934 [AWT-EventQueue-0] (fOX:2008) - Custom texture loaded : file:/home/USER/.config/Ankama/Wakfu/./themes/theme_Ymoka_Nightflow/theme/images/itemsRarityBorders/mythic.png
 INFO 14:35:04,934 [AWT-EventQueue-0] (fOX:2008) - Custom texture loaded : file:/home/USER/.config/Ankama/Wakfu/./themes/theme_Ymoka_Nightflow/theme/images/itemsRarityBorders/legendary.png
 INFO 14:35:04,934 [AWT-EventQueue-0] (fOX:2008) - Custom texture loaded : file:/home/USER/.config/Ankama/Wakfu/./themes/theme_Ymoka_Nightflow/theme/images/itemsRarityBorders/relic.png
 INFO 14:35:04,935 [AWT-EventQueue-0] (fOX:2008) - Custom texture loaded : file:/home/USER/.config/Ankama/Wakfu/./themes/theme_Ymoka_Nightflow/theme/images/itemsRarityBorders/souvenir.png
 INFO 14:35:04,935 [AWT-EventQueue-0] (fOX:2008) - Custom texture loaded : file:/home/USER/.config/Ankama/Wakfu/./themes/theme_Ymoka_Nightflow/theme/images/itemsRarityBorders/epic.png
 INFO 14:35:04,935 [AWT-EventQueue-0] (fOX:2008) - Custom texture loaded : file:/home/USER/.config/Ankama/Wakfu/./themes/theme_Ymoka_Nightflow/theme/images/l_flag.png
 INFO 14:35:04,935 [AWT-EventQueue-0] (fOX:2008) - Custom texture loaded : file:/home/USER/.config/Ankama/Wakfu/./themes/theme_Ymoka_Nightflow/theme/images/dungeonGameplay/0.png
 INFO 14:35:04,936 [AWT-EventQueue-0] (fOX:2008) - Custom texture loaded : file:/home/USER/.config/Ankama/Wakfu/./themes/theme_Ymoka_Nightflow/theme/images/dungeonGameplay/1.png
 INFO 14:35:04,936 [AWT-EventQueue-0] (fOX:2008) - Custom texture loaded : file:/home/USER/.config/Ankama/Wakfu/./themes/theme_Ymoka_Nightflow/theme/images/dungeonGameplay/2.png
 INFO 14:35:04,936 [AWT-EventQueue-0] (fOX:2008) - Custom texture loaded : file:/home/USER/.config/Ankama/Wakfu/./themes/theme_Ymoka_Nightflow/theme/images/dungeonGameplay/3.png
 INFO 14:35:04,936 [AWT-EventQueue-0] (fOX:2008) - Custom texture loaded : file:/home/USER/.config/Ankama/Wakfu/./themes/theme_Ymoka_Nightflow/theme/images/dungeonGameplay/4.png
 INFO 14:35:04,937 [AWT-EventQueue-0] (fOX:2008) - Custom texture loaded : file:/home/USER/.config/Ankama/Wakfu/./themes/theme_Ymoka_Nightflow/theme/images/dungeonGameplay/5.png
 INFO 14:35:04,937 [AWT-EventQueue-0] (fOX:2008) - Custom texture loaded : file:/home/USER/.config/Ankama/Wakfu/./themes/theme_Ymoka_Nightflow/theme/images/dungeonGameplay/6.png
 INFO 14:35:04,937 [AWT-EventQueue-0] (fOX:2008) - Custom texture loaded : file:/home/USER/.config/Ankama/Wakfu/./themes/theme_Ymoka_Nightflow/theme/images/unidentifiedItem.png
 INFO 14:35:05,186 [AWT-EventQueue-0] (ayh:271) - Renderer.init started
 INFO 14:35:05,186 [AWT-EventQueue-0] (aye:40) - ------- GL dump ---------
 INFO 14:35:05,187 [AWT-EventQueue-0] (aye:51) - GL_PROFILE : GL4bc
 INFO 14:35:05,187 [AWT-EventQueue-0] (aye:53) - GL_RENDERER : NVIDIA GeForce RTX 3070 Ti/PCIe/SSE2
 INFO 14:35:05,187 [AWT-EventQueue-0] (aye:54) - GL_VENDOR : NVIDIA Corporation
 INFO 14:35:05,187 [AWT-EventQueue-0] (aye:55) - GL_VERSION : 4.6.0 NVIDIA 610.57.04
 INFO 14:35:05,187 [AWT-EventQueue-0] (aye:57) - GL_DEPTH_TEST = false
 INFO 14:35:05,187 [AWT-EventQueue-0] (aye:58) - GL_SCISSOR_TEST = false
 INFO 14:35:05,188 [AWT-EventQueue-0] (aye:59) - GL_ALPHA_TEST = false
 INFO 14:35:05,188 [AWT-EventQueue-0] (aye:61) - GL_STENCIL_TEST = false;  Stencil depth = 8 bits
 INFO 14:35:05,188 [AWT-EventQueue-0] (aye:62) - GL_CULL_FACE = false
 INFO 14:35:05,189 [AWT-EventQueue-0] (aye:65) - GL_VIEWPORT = [0;0] - [1712;1374]
 INFO 14:35:05,189 [AWT-EventQueue-0] (aye:68) - GL_SCISSOR_BOX = [0;0] - [1712;1374]
 INFO 14:35:05,190 [AWT-EventQueue-0] (aye:70) - GL_MAX_ELEMENTS_INDICES = 1048576
 INFO 14:35:05,190 [AWT-EventQueue-0] (aye:72) - GL_MAX_ELEMENTS_VERTICES = 1048576
 INFO 14:35:05,190 [AWT-EventQueue-0] (aye:75) - GL SHADING LANGUAGE VERSION SUPPORTED = 4.60 NVIDIA
 INFO 14:35:05,191 [AWT-EventQueue-0] (ayh:341) - Using GLSL shaders
 INFO 14:35:05,191 [AWT-EventQueue-0] (ayh:345) - Renderer.init ended
 INFO 14:35:05,265 [AWT-EventQueue-0] (aIC:64) - UI scale option value = 0
 INFO 14:35:05,266 [AWT-EventQueue-0] (aIC:66) - OS screen scale = 1.0
 INFO 14:35:05,269 [AWT-EventQueue-0] (avx:37) - Initializing hardware tests...
 INFO 14:35:05,292 [AWT-EventQueue-0] (avx:52) - Testing supported features...
 INFO 14:35:05,293 [AWT-EventQueue-0] (avx:63) - 	* GL render targets... supported !
 INFO 14:35:05,293 [AWT-EventQueue-0] (avx:63) - 	* GL texture compression... supported !
 INFO 14:35:05,293 [AWT-EventQueue-0] (avx:63) - 	* GL texture non power of two... supported !
 INFO 14:35:05,293 [AWT-EventQueue-0] (avx:63) - 	* GL multi-sampling... supported !
 INFO 14:35:05,293 [AWT-EventQueue-0] (avx:63) - 	* GL multi-texturing... supported !
 INFO 14:35:05,293 [AWT-EventQueue-0] (avx:63) - 	* GL fragment shaders... supported !
 INFO 14:35:05,293 [AWT-EventQueue-0] (avx:63) - 	* GL vertex shaders... supported !
 INFO 14:35:05,294 [AWT-EventQueue-0] (avx:63) - 	* GL compressed text image 2d fonction... supported !
 INFO 14:35:05,302 [AWT-EventQueue-0] (avx:63) - 	* Basic Vsync (0-1)... supported !
 INFO 14:35:05,303 [AWT-EventQueue-0] (avx:63) - 	* Adaptive Vsync swap control (-1 value)... not supported !
 INFO 14:35:05,303 [AWT-EventQueue-0] (avx:63) - 	* OpenGL Shading language version is 120 or higher... supported !
 INFO 14:35:05,303 [AWT-EventQueue-0] (avx:63) - 	* OpenGL driver in use are faulty AMD Adrenalin driver... not supported !
 INFO 14:35:05,303 [AWT-EventQueue-0] (avx:63) - 	* AL debug Extension... supported !
 INFO 14:35:05,303 [AWT-EventQueue-0] (avx:63) - 	* AL effects... supported !
 INFO 14:35:05,303 [AWT-EventQueue-0] (avx:63) - 	* AL filters... supported !
 INFO 14:35:05,304 [AWT-EventQueue-0] (avx:63) - 	* ALC Enumeration Extension... supported !
 INFO 14:35:05,304 [AWT-EventQueue-0] (avx:63) - 	* ALC Enumerate All Extension... supported !
 INFO 14:35:05,304 [AWT-EventQueue-0] (avx:63) - 	* AL SOFT events Extension... supported !
 INFO 14:35:05,304 [AWT-EventQueue-0] (avx:63) - 	* ALC Soft system events Extension... supported !
 INFO 14:35:05,304 [AWT-EventQueue-0] (avx:63) - 	* ALC Soft default playback device change event support... supported !
 INFO 14:35:05,304 [AWT-EventQueue-0] (avx:63) - 	* ALC Soft HRTF Extension... supported !
 INFO 14:35:05,304 [AWT-EventQueue-0] (avx:63) - 	* ALC Soft Output mode Extension... supported !
 INFO 14:35:05,304 [AWT-EventQueue-0] (avx:63) - 	* ALC Soft reopen device Extension... supported !
 INFO 14:35:05,304 [AWT-EventQueue-0] (avx:72) - Cleaning up hardware tests...
 INFO 14:35:05,362 [AWT-EventQueue-0] (aHV:863) - ------- AL dump ---------
 INFO 14:35:05,405 [SimpleBinaryStorage] (aqb:191) - BinaryStorage started Thread[#60,SimpleBinaryStorage,5,main]
 INFO 14:35:05,459 [AWT-EventQueue-0] (aHV:865) - AL_VENDOR      OpenAL Community
 INFO 14:35:05,459 [AWT-EventQueue-0] (aHV:865) - AL_RENDERER    OpenAL Soft
 INFO 14:35:05,459 [AWT-EventQueue-0] (aHV:865) - AL_VERSION     1.1 (1.1 ALSOFT 1.24.3)
 INFO 14:35:05,459 [AWT-EventQueue-0] (aHV:865) - AL_VENDOR_VERS 1.24.3 (ALSOFT 1.24.3)
 INFO 14:35:05,460 [AWT-EventQueue-0] (aHV:865) - AL_EXTENSIONS  AL_EXT_ALAW AL_EXT_BFORMAT AL_EXT_debug AL_EXT_direct_context AL_EXT_DOUBLE AL_EXT_EXPONENT_DISTANCE AL_EXT_FLOAT32 AL_EXT_IMA4 AL_EXT_LINEAR_DISTANCE AL_EXT_MCFORMATS AL_EXT_MULAW AL_EXT_MULAW_BFORMAT AL_EXT_MULAW_MCFORMATS AL_EXT_OFFSET AL_EXT_source_distance_model AL_EXT_SOURCE_RADIUS AL_EXT_STATIC_BUFFER AL_EXT_STEREO_ANGLES AL_LOKI_quadriphonic AL_SOFT_bformat_ex AL_SOFT_bformat_hoa AL_SOFT_block_alignment AL_SOFT_buffer_length_query AL_SOFT_callback_buffer AL_SOFTX_convolution_effect AL_SOFT_deferred_updates AL_SOFT_direct_channels AL_SOFT_direct_channels_remix AL_SOFT_effect_target AL_SOFT_events AL_SOFT_gain_clamp_ex AL_SOFTX_hold_on_disconnect AL_SOFT_loop_points AL_SOFTX_map_buffer AL_SOFT_MSADPCM AL_SOFT_source_latency AL_SOFT_source_length AL_SOFTX_source_panning AL_SOFT_source_resampler AL_SOFT_source_spatialize AL_SOFT_source_start_delay AL_SOFT_UHJ AL_SOFT_UHJ_ex
 INFO 14:35:05,460 [AWT-EventQueue-0] (aHV:865) - ALC_VERSION     1.1
 INFO 14:35:05,460 [AWT-EventQueue-0] (aHV:865) - ALC_DEF_OUTPUT (With ALC_ENUMERATION_EXT) OpenAL Soft
 INFO 14:35:05,460 [AWT-EventQueue-0] (aHV:865) - ALC_DEF_OUTPUT (With ALC_ENUMERATE_ALL_EXT) WH-1000XM4
 INFO 14:35:05,460 [AWT-EventQueue-0] (aHV:865) - ALC_DEF_CAPTURE HD Pro Webcam C920 Analog Stereo
 INFO 14:35:05,460 [AWT-EventQueue-0] (aHV:865) - ALC_SOFT_system_events supported
 INFO 14:35:05,460 [AWT-EventQueue-0] (aHV:865) -     ALC_EVENT_TYPE_DEVICE_ADDED_SOFT event for playback devices is supported
 INFO 14:35:05,460 [AWT-EventQueue-0] (aHV:865) -     ALC_EVENT_TYPE_DEVICE_ADDED_SOFT event for capture devices is supported
 INFO 14:35:05,460 [AWT-EventQueue-0] (aHV:865) -     ALC_EVENT_TYPE_DEVICE_REMOVED_SOFT event for playback devices is supported
 INFO 14:35:05,460 [AWT-EventQueue-0] (aHV:865) -     ALC_EVENT_TYPE_DEVICE_REMOVED_SOFT event for capture devices is supported
 INFO 14:35:05,460 [AWT-EventQueue-0] (aHV:865) -     ALC_EVENT_TYPE_DEFAULT_DEVICE_CHANGED_SOFT event for playback devices is supported
 INFO 14:35:05,460 [AWT-EventQueue-0] (aHV:865) -     ALC_EVENT_TYPE_DEFAULT_DEVICE_CHANGED_SOFT event for capture devices is supported
 INFO 14:35:05,460 [AWT-EventQueue-0] (aHV:865) - Output devices (With ALC_ENUMERATE_ALL_EXT):
 INFO 14:35:05,460 [AWT-EventQueue-0] (aHV:865) -     WH-1000XM4, output, default true, mixer[freq 48000, refresh 93 (min latency 10.752688 ms)], sources[mono 255, stereo 1]
 INFO 14:35:05,460 [AWT-EventQueue-0] (aHV:865) -     Yeti Stereo Microphone Analog Stereo, output, default false, mixer[freq 48000, refresh 93 (min latency 10.752688 ms)], sources[mono 255, stereo 1]
 INFO 14:35:05,461 [AWT-EventQueue-0] (aHV:865) -     GA104 High Definition Audio Controller Digital Stereo (HDMI), output, default false, mixer[freq 48000, refresh 93 (min latency 10.752688 ms)], sources[mono 255, stereo 1]
 INFO 14:35:05,461 [AWT-EventQueue-0] (aHV:865) -     Starship/Matisse HD Audio Controller Digital Stereo (IEC958), output, default false, mixer[freq 48000, refresh 93 (min latency 10.752688 ms)], sources[mono 255, stereo 1]
 INFO 14:35:05,461 [AWT-EventQueue-0] (aHV:865) - Output devices (With ALC_ENUMERATION_EXT):
 INFO 14:35:05,461 [AWT-EventQueue-0] (aHV:865) -     OpenAL Soft, output, default true, mixer[freq 48000, refresh 93 (min latency 10.752688 ms)], sources[mono 255, stereo 1]
 INFO 14:35:05,461 [AWT-EventQueue-0] (aHV:865) - Capture devices:
 INFO 14:35:05,461 [AWT-EventQueue-0] (aHV:865) -     HD Pro Webcam C920 Analog Stereo, input, default true
 INFO 14:35:05,461 [AWT-EventQueue-0] (aHV:865) -     Monitor of Yeti Stereo Microphone Analog Stereo, input, default false
 INFO 14:35:05,461 [AWT-EventQueue-0] (aHV:865) -     Yeti Stereo Microphone Analog Stereo, input, default false
 INFO 14:35:05,461 [AWT-EventQueue-0] (aHV:865) -     Monitor of GA104 High Definition Audio Controller Digital Stereo (HDMI), input, default false
 INFO 14:35:05,461 [AWT-EventQueue-0] (aHV:865) -     Monitor of Starship/Matisse HD Audio Controller Digital Stereo (IEC958), input, default false
 INFO 14:35:05,461 [AWT-EventQueue-0] (aHV:865) -     Starship/Matisse HD Audio Controller Analog Stereo, input, default false
 INFO 14:35:05,461 [AWT-EventQueue-0] (aHV:865) -     Monitor of WH-1000XM4, input, default false
 INFO 14:35:05,462 [AWT-EventQueue-0] (aHV:865) -     WH-1000XM4, input, default false
 INFO 14:35:05,463 [AWT-EventQueue-0] (aHV:867) - HRTF Status : disabled
 INFO 14:35:05,463 [AWT-EventQueue-0] (aHV:868) - Output Mode Status : Basic 2-channel mixing (e.g. pan-pot)
 INFO 14:35:05,466 [AWT-EventQueue-0] (aHV:869) - Current context attributes : {4104=>93, 4096=>1, 6555=>3, 131075=>2, 131074=>0, 4103=>48000, 131073=>1, 4105=>0, 4097=>1, 6554=>0, 6572=>6574, 6547=>0, 6546=>0, 4113=>1, 4112=>255}
 INFO 14:35:05,466 [AWT-EventQueue-0] (aHV:773) - Current sound context has debug output disabled.
 INFO 14:35:05,471 [Initialization-Tasks-0] (aIG:633) - Loading embedded DayLight file.
ERROR 14:35:05,472 [Initialization-Tasks-0] (aIG:639) - Le dayLight file n'est pas trouvable, on utilise celui par défaut
 INFO 14:35:05,487 [AWT-EventQueue-0] (aHV:695) - Switch to following device : WH-1000XM4 (default device) - source : contextSwitch
 INFO 14:35:05,487 [AWT-EventQueue-0] (aHV:296) - Max available sources : 255
 INFO 14:35:05,487 [AWT-EventQueue-0] (aHV:702) - HRTF Status : disabled
 INFO 14:35:05,488 [AWT-EventQueue-0] (aHV:703) - Output Mode Status : Basic 2-channel mixing (e.g. pan-pot)
 INFO 14:35:05,488 [AWT-EventQueue-0] (aHV:704) - Current contexts attributes : {4104=>93, 4096=>1, 6555=>3, 131075=>2, 131074=>0, 4103=>48000, 131073=>1, 4105=>0, 4097=>1, 6554=>0, 6572=>6574, 6547=>0, 6546=>0, 4113=>1, 4112=>255}
 INFO 14:35:05,502 [SoundManager] (aHV:954) - SoundManager running
 INFO 14:35:05,880 [Initialization-Tasks-0] (bcT:54) - Default mode. Retrieve class eBy
 INFO 14:35:05,881 [pool-5-thread-1] (eBr:121) - connect(ENV_VARIABLES)
 INFO 14:35:05,893 [pool-5-thread-1] (bcU:60) - Connected to Zaap. Starting class eBy fill
 INFO 14:35:05,896 [pool-6-thread-1] (eBr:197) - User info received from Zaap
 INFO 14:35:05,901 [pool-6-thread-1] (bcV:65) - class eBy fetched
 WARN 14:35:05,956 [Initialization-Tasks-0] (ME:157) - Unable to get value for key 
 WARN 14:35:07,440 [Initialization-Tasks-0] (ME:157) - Unable to get value for key content.15.9988
 WARN 14:35:07,515 [Initialization-Tasks-0] (ME:157) - Unable to get value for key content.15.13846
 WARN 14:35:07,515 [Initialization-Tasks-0] (ME:157) - Unable to get value for key content.15.13847
 WARN 14:35:07,515 [Initialization-Tasks-0] (ME:157) - Unable to get value for key content.15.13848
 WARN 14:35:07,517 [Initialization-Tasks-0] (ME:157) - Unable to get value for key content.15.14022
 WARN 14:35:07,517 [Initialization-Tasks-0] (ME:157) - Unable to get value for key content.15.14027
 WARN 14:35:07,539 [Initialization-Tasks-0] (ME:157) - Unable to get value for key content.15.14958
 INFO 14:35:07,580 [AWT-EventQueue-0] (frH:215) - [NATION] Trying to remove 11579715 from {Nation id=0} after a disconnection but he's not in it
 WARN 14:35:07,587 [Initialization-Tasks-0] (ME:157) - Unable to get value for key content.15.17655
 WARN 14:35:07,637 [Initialization-Tasks-0] (ME:157) - Unable to get value for key content.15.20924
 WARN 14:35:07,637 [Initialization-Tasks-0] (ME:157) - Unable to get value for key content.15.20925
 WARN 14:35:07,726 [Initialization-Tasks-0] (ME:157) - Unable to get value for key content.15.24281
 WARN 14:35:07,726 [Initialization-Tasks-0] (ME:157) - Unable to get value for key content.15.24282
 WARN 14:35:07,726 [Initialization-Tasks-0] (ME:157) - Unable to get value for key content.15.24283
 WARN 14:35:07,726 [Initialization-Tasks-0] (ME:157) - Unable to get value for key content.15.24284
 WARN 14:35:07,883 [Initialization-Tasks-0] (ME:157) - Unable to get value for key content.15.29575
 WARN 14:35:07,883 [Initialization-Tasks-0] (ME:157) - Unable to get value for key content.15.29577
 WARN 14:35:07,897 [Initialization-Tasks-0] (ME:157) - Unable to get value for key content.15.30000
 WARN 14:35:07,926 [Initialization-Tasks-0] (ME:157) - Unable to get value for key content.15.31127
 WARN 14:35:07,935 [Initialization-Tasks-0] (ME:157) - Unable to get value for key content.15.31479
 WARN 14:35:07,938 [Initialization-Tasks-0] (ME:157) - Unable to get value for key content.15.31572
 WARN 14:35:07,941 [Initialization-Tasks-0] (ME:157) - Unable to get value for key content.15.31754
 WARN 14:35:07,954 [Initialization-Tasks-0] (ME:157) - Unable to get value for key content.15.32119
 WARN 14:35:07,954 [Initialization-Tasks-0] (ME:157) - Unable to get value for key content.15.32120
 WARN 14:35:07,954 [Initialization-Tasks-0] (ME:157) - Unable to get value for key content.15.32121
 WARN 14:35:07,955 [Initialization-Tasks-0] (ME:157) - Unable to get value for key content.15.32122
 WARN 14:35:07,955 [Initialization-Tasks-0] (ME:157) - Unable to get value for key content.15.32123
 WARN 14:35:07,955 [Initialization-Tasks-0] (ME:157) - Unable to get value for key content.15.32124
 WARN 14:35:07,955 [Initialization-Tasks-0] (ME:157) - Unable to get value for key content.15.32125
 WARN 14:35:07,955 [Initialization-Tasks-0] (ME:157) - Unable to get value for key content.15.32126
 WARN 14:35:07,955 [Initialization-Tasks-0] (ME:157) - Unable to get value for key content.15.32127
 WARN 14:35:07,955 [Initialization-Tasks-0] (ME:157) - Unable to get value for key content.15.32128
 WARN 14:35:07,955 [Initialization-Tasks-0] (ME:157) - Unable to get value for key content.15.32129
 WARN 14:35:07,955 [Initialization-Tasks-0] (ME:157) - Unable to get value for key content.15.32130
 WARN 14:35:07,955 [Initialization-Tasks-0] (ME:157) - Unable to get value for key content.15.32131
 WARN 14:35:07,955 [Initialization-Tasks-0] (ME:157) - Unable to get value for key content.15.32132
 WARN 14:35:07,955 [Initialization-Tasks-0] (ME:157) - Unable to get value for key content.15.32133
 WARN 14:35:07,955 [Initialization-Tasks-0] (ME:157) - Unable to get value for key content.15.32134
 WARN 14:35:07,956 [Initialization-Tasks-0] (ME:157) - Unable to get value for key content.15.32135
 WARN 14:35:07,956 [Initialization-Tasks-0] (ME:157) - Unable to get value for key content.15.32136
 WARN 14:35:07,956 [Initialization-Tasks-0] (ME:157) - Unable to get value for key content.15.32137
 WARN 14:35:07,956 [Initialization-Tasks-0] (ME:157) - Unable to get value for key content.15.32138
 WARN 14:35:07,956 [Initialization-Tasks-0] (ME:157) - Unable to get value for key content.15.32139
 WARN 14:35:07,956 [Initialization-Tasks-0] (ME:157) - Unable to get value for key content.15.32140
 WARN 14:35:07,956 [Initialization-Tasks-0] (ME:157) - Unable to get value for key content.15.32141
 WARN 14:35:07,956 [Initialization-Tasks-0] (ME:157) - Unable to get value for key content.15.32142
 WARN 14:35:07,956 [Initialization-Tasks-0] (ME:157) - Unable to get value for key content.15.32143
 WARN 14:35:07,956 [Initialization-Tasks-0] (ME:157) - Unable to get value for key content.15.32144
 WARN 14:35:07,956 [Initialization-Tasks-0] (ME:157) - Unable to get value for key content.15.32145
 WARN 14:35:07,956 [Initialization-Tasks-0] (ME:157) - Unable to get value for key content.15.32146
 WARN 14:35:07,956 [Initialization-Tasks-0] (ME:157) - Unable to get value for key content.15.32147
 WARN 14:35:07,956 [Initialization-Tasks-0] (ME:157) - Unable to get value for key content.15.32148
 WARN 14:35:07,956 [Initialization-Tasks-0] (ME:157) - Unable to get value for key content.15.32149
 WARN 14:35:07,956 [Initialization-Tasks-0] (ME:157) - Unable to get value for key content.15.32150
 WARN 14:35:07,956 [Initialization-Tasks-0] (ME:157) - Unable to get value for key content.15.32151
 WARN 14:35:07,956 [Initialization-Tasks-0] (ME:157) - Unable to get value for key content.15.32152
 WARN 14:35:07,956 [Initialization-Tasks-0] (ME:157) - Unable to get value for key content.15.32154
 WARN 14:35:07,956 [Initialization-Tasks-0] (ME:157) - Unable to get value for key content.15.32155
 WARN 14:35:07,957 [Initialization-Tasks-0] (ME:157) - Unable to get value for key content.15.32156
 WARN 14:35:07,957 [Initialization-Tasks-0] (ME:157) - Unable to get value for key content.15.32157
 WARN 14:35:07,957 [Initialization-Tasks-0] (ME:157) - Unable to get value for key content.15.32158
 WARN 14:35:07,957 [Initialization-Tasks-0] (ME:157) - Unable to get value for key content.15.32159
 WARN 14:35:07,957 [Initialization-Tasks-0] (ME:157) - Unable to get value for key content.15.32160
 WARN 14:35:07,957 [Initialization-Tasks-0] (ME:157) - Unable to get value for key content.15.32161
 WARN 14:35:07,957 [Initialization-Tasks-0] (ME:157) - Unable to get value for key content.15.32162
 WARN 14:35:07,957 [Initialization-Tasks-0] (ME:157) - Unable to get value for key content.15.32163
 WARN 14:35:07,960 [Initialization-Tasks-0] (ME:157) - Unable to get value for key content.15.32260
 WARN 14:35:07,960 [Initialization-Tasks-0] (ME:157) - Unable to get value for key content.15.32262
 WARN 14:35:07,960 [Initialization-Tasks-0] (ME:157) - Unable to get value for key content.15.32263
 WARN 14:35:07,960 [Initialization-Tasks-0] (ME:157) - Unable to get value for key content.15.32265
 WARN 14:35:07,970 [Initialization-Tasks-0] (ME:157) - Unable to get value for key content.15.32659
 WARN 14:35:07,970 [Initialization-Tasks-0] (ME:157) - Unable to get value for key content.15.32660
 WARN 14:35:07,970 [Initialization-Tasks-0] (ME:157) - Unable to get value for key content.15.32664
 WARN 14:35:07,970 [Initialization-Tasks-0] (ME:157) - Unable to get value for key content.15.32665
 WARN 14:35:07,973 [Initialization-Tasks-0] (ME:157) - Unable to get value for key content.15.32899
 WARN 14:35:07,974 [Initialization-Tasks-0] (ME:157) - Unable to get value for key content.15.32937
 WARN 14:35:07,974 [Initialization-Tasks-0] (ME:157) - Unable to get value for key content.15.32943
 WARN 14:35:07,975 [Initialization-Tasks-0] (ME:157) - Unable to get value for key content.15.33000
 WARN 14:35:08,371 [Initialization-Tasks-0] (aqJ:72) - Pas de aPl existant. id=8522
java.lang.Exception
	at aqJ.a(SourceFile:72)
	at aqK.a(SourceFile:79)
	at aqN.tQ(SourceFile:20)
	at bQi.IJ(SourceFile:44)
	at blP.dx(SourceFile:172)
	at bbU.a(SourceFile:106)
	at bbU.a(SourceFile:52)
	at bbU.f(SourceFile:43)
	at aqJ.a(SourceFile:100)
	at aqK.a(SourceFile:73)
	at bbU.a(SourceFile:42)
	at WW.d(SourceFile:436)
	at java.base/java.util.concurrent.Executors$RunnableAdapter.call(Unknown Source)
	at java.base/java.util.concurrent.FutureTask.run(Unknown Source)
	at java.base/java.util.concurrent.ThreadPoolExecutor.runWorker(Unknown Source)
	at java.base/java.util.concurrent.ThreadPoolExecutor$Worker.run(Unknown Source)
	at java.base/java.lang.Thread.run(Unknown Source)
 WARN 14:35:08,373 [Initialization-Tasks-0] (aqJ:72) - Pas de aPl existant. id=8523
java.lang.Exception
	at aqJ.a(SourceFile:72)
	at aqK.a(SourceFile:79)
	at aqN.tQ(SourceFile:20)
	at bQi.IJ(SourceFile:44)
	at blP.dx(SourceFile:172)
	at bbU.a(SourceFile:106)
	at bbU.a(SourceFile:52)
	at bbU.f(SourceFile:43)
	at aqJ.a(SourceFile:100)
	at aqK.a(SourceFile:73)
	at bbU.a(SourceFile:42)
	at WW.d(SourceFile:436)
	at java.base/java.util.concurrent.Executors$RunnableAdapter.call(Unknown Source)
	at java.base/java.util.concurrent.FutureTask.run(Unknown Source)
	at java.base/java.util.concurrent.ThreadPoolExecutor.runWorker(Unknown Source)
	at java.base/java.util.concurrent.ThreadPoolExecutor$Worker.run(Unknown Source)
	at java.base/java.lang.Thread.run(Unknown Source)
 WARN 14:35:08,374 [Initialization-Tasks-0] (aqJ:72) - Pas de aPl existant. id=8520
java.lang.Exception
	at aqJ.a(SourceFile:72)
	at aqK.a(SourceFile:79)
	at aqN.tQ(SourceFile:20)
	at bQi.IJ(SourceFile:44)
	at blP.dx(SourceFile:172)
	at bbU.a(SourceFile:106)
	at bbU.a(SourceFile:52)
	at bbU.f(SourceFile:43)
	at aqJ.a(SourceFile:100)
	at aqK.a(SourceFile:73)
	at bbU.a(SourceFile:42)
	at WW.d(SourceFile:436)
	at java.base/java.util.concurrent.Executors$RunnableAdapter.call(Unknown Source)
	at java.base/java.util.concurrent.FutureTask.run(Unknown Source)
	at java.base/java.util.concurrent.ThreadPoolExecutor.runWorker(Unknown Source)
	at java.base/java.util.concurrent.ThreadPoolExecutor$Worker.run(Unknown Source)
	at java.base/java.lang.Thread.run(Unknown Source)
 WARN 14:35:08,374 [Initialization-Tasks-0] (aqJ:72) - Pas de aPl existant. id=8521
java.lang.Exception
	at aqJ.a(SourceFile:72)
	at aqK.a(SourceFile:79)
	at aqN.tQ(SourceFile:20)
	at bQi.IJ(SourceFile:44)
	at blP.dx(SourceFile:172)
	at bbU.a(SourceFile:106)
	at bbU.a(SourceFile:52)
	at bbU.f(SourceFile:43)
	at aqJ.a(SourceFile:100)
	at aqK.a(SourceFile:73)
	at bbU.a(SourceFile:42)
	at WW.d(SourceFile:436)
	at java.base/java.util.concurrent.Executors$RunnableAdapter.call(Unknown Source)
	at java.base/java.util.concurrent.FutureTask.run(Unknown Source)
	at java.base/java.util.concurrent.ThreadPoolExecutor.runWorker(Unknown Source)
	at java.base/java.util.concurrent.ThreadPoolExecutor$Worker.run(Unknown Source)
	at java.base/java.lang.Thread.run(Unknown Source)
 WARN 14:35:08,375 [Initialization-Tasks-0] (aqJ:72) - Pas de aPl existant. id=8524
java.lang.Exception
	at aqJ.a(SourceFile:72)
	at aqK.a(SourceFile:79)
	at aqN.tQ(SourceFile:20)
	at bQi.IJ(SourceFile:44)
	at blP.dx(SourceFile:172)
	at bbU.a(SourceFile:106)
	at bbU.a(SourceFile:52)
	at bbU.f(SourceFile:43)
	at aqJ.a(SourceFile:100)
	at aqK.a(SourceFile:73)
	at bbU.a(SourceFile:42)
	at WW.d(SourceFile:436)
	at java.base/java.util.concurrent.Executors$RunnableAdapter.call(Unknown Source)
	at java.base/java.util.concurrent.FutureTask.run(Unknown Source)
	at java.base/java.util.concurrent.ThreadPoolExecutor.runWorker(Unknown Source)
	at java.base/java.util.concurrent.ThreadPoolExecutor$Worker.run(Unknown Source)
	at java.base/java.lang.Thread.run(Unknown Source)
 WARN 14:35:08,375 [Initialization-Tasks-0] (aqJ:72) - Pas de aPl existant. id=8525
java.lang.Exception
	at aqJ.a(SourceFile:72)
	at aqK.a(SourceFile:79)
	at aqN.tQ(SourceFile:20)
	at bQi.IJ(SourceFile:44)
	at blP.dx(SourceFile:172)
	at bbU.a(SourceFile:106)
	at bbU.a(SourceFile:52)
	at bbU.f(SourceFile:43)
	at aqJ.a(SourceFile:100)
	at aqK.a(SourceFile:73)
	at bbU.a(SourceFile:42)
	at WW.d(SourceFile:436)
	at java.base/java.util.concurrent.Executors$RunnableAdapter.call(Unknown Source)
	at java.base/java.util.concurrent.FutureTask.run(Unknown Source)
	at java.base/java.util.concurrent.ThreadPoolExecutor.runWorker(Unknown Source)
	at java.base/java.util.concurrent.ThreadPoolExecutor$Worker.run(Unknown Source)
	at java.base/java.lang.Thread.run(Unknown Source)
ERROR 14:35:08,941 [Initialization-Tasks-0] (cdU:43) - l'element 61792 n'a pas été exporté
ERROR 14:35:08,941 [Initialization-Tasks-0] (cdU:43) - l'element 61791 n'a pas été exporté
ERROR 14:35:08,941 [Initialization-Tasks-0] (cdU:43) - l'element 61792 n'a pas été exporté
ERROR 14:35:08,942 [Initialization-Tasks-0] (cdU:43) - l'element 61789 n'a pas été exporté
ERROR 14:35:08,942 [Initialization-Tasks-0] (cdU:43) - l'element 22077 n'a pas été exporté
ERROR 14:35:08,942 [Initialization-Tasks-0] (cdU:43) - l'element 61790 n'a pas été exporté
ERROR 14:35:08,942 [Initialization-Tasks-0] (cdU:43) - l'element 61788 n'a pas été exporté
ERROR 14:35:08,942 [Initialization-Tasks-0] (cdU:43) - l'element 61790 n'a pas été exporté
ERROR 14:35:08,961 [Initialization-Tasks-0] (cdU:43) - l'element 61792 n'a pas été exporté
ERROR 14:35:08,961 [Initialization-Tasks-0] (cdU:43) - l'element 61791 n'a pas été exporté
ERROR 14:35:08,962 [Initialization-Tasks-0] (cdU:43) - l'element 61792 n'a pas été exporté
ERROR 14:35:08,962 [Initialization-Tasks-0] (cdU:43) - l'element 61789 n'a pas été exporté
ERROR 14:35:08,962 [Initialization-Tasks-0] (cdU:43) - l'element 22077 n'a pas été exporté
ERROR 14:35:08,962 [Initialization-Tasks-0] (cdU:43) - l'element 61790 n'a pas été exporté
ERROR 14:35:08,962 [Initialization-Tasks-0] (cdU:43) - l'element 61788 n'a pas été exporté
ERROR 14:35:08,962 [Initialization-Tasks-0] (cdU:43) - l'element 61790 n'a pas été exporté
 INFO 14:35:08,986 [Initialization-Tasks-0] (bcs:43) - Default mode. Starting connection to Zaap
 INFO 14:35:08,987 [pool-7-thread-1] (eBr:121) - connect(ENV_VARIABLES)
 INFO 14:35:08,990 [pool-7-thread-1] (bct:48) - Connected to Zaap. Starting token fill
 INFO 14:35:09,080 [pool-8-thread-1] (eBr:162) - Token received from Zaap
 INFO 14:35:09,081 [pool-8-thread-1] (bcu:52) - Token obtained from Zaap. Starting autologin
 INFO 14:35:09,206 [AWT-EventQueue-0] (cgd:71) - Raison de la déconnection de l'entité -1 : 39
 INFO 14:35:09,208 [AWT-EventQueue-0] (aVj:62) - Connexion au proxy :wakfu-dispatcher.ankama-games.com:5558 / ssl : true
 INFO 14:35:09,531 [Net-Cnx-wakfu-dispatcher.ankama-games.com:5558>0] (cgf:135) - onNewConnection ChannelHandlerContext(aVk#0, [id: 0x25028889, L:/IP-LOCALE:53130 - R:wakfu-dispatcher.ankama-games.com/63.35.43.149:5558])
 INFO 14:35:10,005 [AWT-EventQueue-0] (cgp:375) - Authentication result 0
 WARN 14:35:10,271 [AWT-EventQueue-0] (ME:157) - Unable to get value for key server.group.9
 WARN 14:35:10,273 [AWT-EventQueue-0] (ME:157) - Unable to get value for key server.group.10
 WARN 14:35:10,274 [AWT-EventQueue-0] (ME:157) - Unable to get value for key server.group.20
 WARN 14:35:10,290 [AWT-EventQueue-0] (ME:157) - Unable to get value for key server.group.9
 WARN 14:35:10,291 [AWT-EventQueue-0] (ME:157) - Unable to get value for key server.group.10
 WARN 14:35:10,291 [AWT-EventQueue-0] (ME:157) - Unable to get value for key server.group.20
 INFO 14:35:15,407 [AWT-EventQueue-0] (cgp:360) - Authentication token received from dispatch server : 47bdcc51-19b5-4a7b-ae5c-8d80ae6d61ba errorCode=0
 INFO 14:35:15,409 [AWT-EventQueue-0] (aVv:664) - Sending DisconnectionMessage to Servers. Reason : {Dispatch}
 INFO 14:35:15,410 [AWT-EventQueue-0] (cgd:71) - Raison de la déconnection de l'entité -1 : 39
 INFO 14:35:15,411 [AWT-EventQueue-0] (aVj:62) - Connexion au proxy :wakfu-pandora.ankama-games.com:5556 / ssl : true
 INFO 14:35:15,415 [Net-Cnx-wakfu-dispatcher.ankama-games.com:5558>0] (cgf:43) - Connexion avec le serveur perdue ChannelHandlerContext(aVk#0, [id: 0x25028889, L:/IP-LOCALE:53130 ! R:wakfu-dispatcher.ankama-games.com/63.35.43.149:5558])
 INFO 14:35:15,523 [Net-Cnx-wakfu-pandora.ankama-games.com:5556>0] (cgf:135) - onNewConnection ChannelHandlerContext(aVk#0, [id: 0x6dc37195, L:/IP-LOCALE:52552 - R:wakfu-pandora.ankama-games.com/34.241.166.4:5556])
 INFO 14:35:15,912 [AWT-EventQueue-0] (cgd:71) - Raison de la déconnection de l'entité -1 : 2
ERROR 14:35:15,927 [OkHttp https://haapi.ankama.com/...] (aZw:49) - [CHAT] Error 403 requesting Chat token : {"status":403,"message":"Unauthorized service '\\Ankama\\Account'"}
 INFO 14:35:15,929 [AWT-EventQueue-0] (UP:73) - WakfuGameCalendar : adding periodic ClimateUpdateEvent event, period= 12 minutes 
 WARN 14:35:16,077 [AsyncLoader-1] (Gi:59) - Unable to read file:./contents/animations/equipments/equipments.jar!/210320101.anm : JAR entry 210320101.anm not found in ./contents/animations/equipments/equipments.jar
 INFO 14:35:16,103 [AWT-EventQueue-0] (aZO:35) - Receiving companion list
 INFO 14:35:16,105 [AWT-EventQueue-0] (aZO:58) - Companions received : 1
 INFO 14:35:16,217 [OkHttp https://haapi.ankama.com/...] (chq:353) - Device information sent
 INFO 14:35:18,847 [AWT-EventQueue-0] (cgx:256) - Received FriendListMessage
ERROR 14:35:18,880 [AWT-EventQueue-0] (bkr:2342) - [NATION] On essaye d'ajouter le joueur 10910227 à une nation inconnue du manager, nationId : 30
 INFO 14:35:18,886 [AWT-EventQueue-0] (ber:407) - Déserialisation des achievements : size=1127
 WARN 14:35:18,886 [AWT-EventQueue-0] (ber:463) - Achievement inexistant : Id=2193
 WARN 14:35:18,886 [AWT-EventQueue-0] (ber:463) - Achievement inexistant : Id=2194
 WARN 14:35:18,886 [AWT-EventQueue-0] (ber:463) - Achievement inexistant : Id=5035
 WARN 14:35:18,909 [AWT-EventQueue-0] (ME:157) - Unable to get value for key content.61.963
 WARN 14:35:18,909 [AWT-EventQueue-0] (ME:157) - Unable to get value for key content.61.963
 WARN 14:35:18,909 [AWT-EventQueue-0] (ME:157) - Unable to get value for key content.61.963
 WARN 14:35:18,909 [AWT-EventQueue-0] (ME:157) - Unable to get value for key content.61.963
 WARN 14:35:18,909 [AWT-EventQueue-0] (ME:157) - Unable to get value for key content.61.963
 WARN 14:35:18,909 [AWT-EventQueue-0] (ME:157) - Unable to get value for key content.61.963
 WARN 14:35:18,909 [AWT-EventQueue-0] (ME:157) - Unable to get value for key content.61.963
 WARN 14:35:18,909 [AWT-EventQueue-0] (ME:157) - Unable to get value for key content.61.963
 WARN 14:35:18,909 [AWT-EventQueue-0] (ME:157) - Unable to get value for key content.61.963
 WARN 14:35:18,909 [AWT-EventQueue-0] (ME:157) - Unable to get value for key content.61.963
 WARN 14:35:18,909 [AWT-EventQueue-0] (ME:157) - Unable to get value for key content.61.963
 WARN 14:35:18,909 [AWT-EventQueue-0] (ME:157) - Unable to get value for key content.61.963
 INFO 14:35:18,945 [AWT-EventQueue-0] (baz:89) - Loading chat file.
 INFO 14:35:18,978 [AWT-EventQueue-0] (ftK:192) - Enregistrement du protecteur NationProtectorInfo{m_id=424, m_territoryId=93601, m_nation={Nation id=0}, m_isChaos=false, m_cash=0, m_marketTaxValue=0.05, m_currentSatisfaction=1 / 1, m_serverIdString=null}
 INFO 14:35:19,105 [AWT-EventQueue-0] (Wh:60) - cdt initialisé, centré sur (0,-1)
 WARN 14:35:19,108 [AWT-EventQueue-0] (bLo:112) - Impossible de trouver la texture jar:file:./contents/gui_jar/gui.jar!/miscellaneous/poi/58.tga key=hwBuidingIconRedPath
 WARN 14:35:19,108 [AWT-EventQueue-0] (bLo:112) - Impossible de trouver la texture jar:file:./contents/gui_jar/gui.jar!/miscellaneous/poi/57.tga key=hwBuidingIconOrangePath
 WARN 14:35:19,108 [AWT-EventQueue-0] (bLo:112) - Impossible de trouver la texture jar:file:./contents/gui_jar/gui.jar!/miscellaneous/poi/56.tga key=hwBuidingIconGreenPath
ERROR 14:35:19,214 [AWT-EventQueue-0] (bkr:2342) - [NATION] On essaye d'ajouter le joueur 10662067 à une nation inconnue du manager, nationId : 30
 INFO 14:35:19,297 [AWT-EventQueue-0] (ciD:117) - NetInFight Added
 INFO 14:35:19,298 [AWT-EventQueue-0] (aXI:47) - CREATION DU COMBAT
 INFO 14:35:19,304 [AWT-EventQueue-0] (faw:1405) - [_FL_] fightId=1552052503 Mama Wapin breed : 5456 [ENTITE5] isControlledByAI=true obstacleId : -1 join the fight at {Point3 : (2, 4, 1)}
 WARN 14:35:19,306 [AWT-EventQueue-0] (arx:744) - Impossible de récupérer la duree de l'animation 7_AnimStatique dans jar:file:./contents/animations/npcs/npcs.jar!/117402505 : la definition n'est pas chargee
 INFO 14:35:19,307 [AWT-EventQueue-0] (faw:1405) - [_FL_] fightId=1552052503 Mama Wapin breed : 5456 [ENTITE6] isControlledByAI=true obstacleId : -1 join the fight at {Point3 : (1, -4, 1)}
 WARN 14:35:19,307 [AWT-EventQueue-0] (arx:744) - Impossible de récupérer la duree de l'animation 3_AnimStatique dans jar:file:./contents/animations/npcs/npcs.jar!/117402505 : la definition n'est pas chargee
 INFO 14:35:19,314 [AWT-EventQueue-0] (faw:1405) - [_FL_] fightId=1552052503 PJ2 breed : 3 [ENTITE3] isControlledByAI=false obstacleId : -1 join the fight at {Point3 : (3, -2, 2)}
 INFO 14:35:19,315 [AWT-EventQueue-0] (faw:1405) - [_FL_] fightId=1552052503 Phorreur Immature breed : 1381 [ENTITE7] isControlledByAI=true obstacleId : -1 join the fight at {Point3 : (3, -1, 3)}
 WARN 14:35:19,316 [AWT-EventQueue-0] (arx:744) - Impossible de récupérer la duree de l'animation 3_AnimStatique dans jar:file:./contents/animations/npcs/npcs.jar!/100501381 : la definition n'est pas chargee
 INFO 14:35:19,317 [AWT-EventQueue-0] (faw:1405) - [_FL_] fightId=1552052503 PJ1 breed : 7 [ENTITE2] isControlledByAI=false obstacleId : -1 join the fight at {Point3 : (1, 1, 2)}
 INFO 14:35:19,331 [AWT-EventQueue-0] (ciD:117) - NetInFight Added
 INFO 14:35:19,332 [AWT-EventQueue-0] (cjr:53) - Unserializing effects for fighter 10910227, byte size : 4446
 INFO 14:35:19,350 [AWT-EventQueue-0] (cjr:53) - Unserializing effects for fighter -1706442038313713, byte size : 2
 INFO 14:35:19,350 [AWT-EventQueue-0] (cjr:53) - Unserializing effects for fighter -1706442038273048, byte size : 2411
 INFO 14:35:19,351 [AWT-EventQueue-0] (cjr:53) - Unserializing effects for fighter 10662067, byte size : 19304
ERROR 14:35:19,371 [AWT-EventQueue-0] (bvg:538) - PROCESSING FIGHT RECOVERY
ERROR 14:35:19,376 [AWT-EventQueue-0] (fcI:379) - [FIGHT] Turn for fighter [Phorreur Immature] has a base duration of only 1057 ms, that's a problem ; m_currentTurnEndTimestamp=1787409320358 ; current time =1787409319301
 INFO 14:35:19,419 [AWT-EventQueue-0] (chJ:254) - Challenge courant : -1 (dans 0s)
 INFO 14:35:19,419 [AWT-EventQueue-0] (chJ:281) - Pas de challenge dans cette zone, on s'arrête là
ERROR 14:35:19,420 [AWT-EventQueue-0] (bkr:2342) - [NATION] On essaye d'ajouter le joueur 10910227 à une nation inconnue du manager, nationId : 30
 INFO 14:35:19,423 [AWT-EventQueue-0] (chk:134) - [NATION] Reception d'un message de synchro de nation demandant l'ajout d'une nouvelle nation : 33
 INFO 14:35:19,426 [AWT-EventQueue-0] (chk:134) - [NATION] Reception d'un message de synchro de nation demandant l'ajout d'une nouvelle nation : 32
 INFO 14:35:19,426 [AWT-EventQueue-0] (chk:134) - [NATION] Reception d'un message de synchro de nation demandant l'ajout d'une nouvelle nation : 31
 INFO 14:35:19,426 [AWT-EventQueue-0] (chk:134) - [NATION] Reception d'un message de synchro de nation demandant l'ajout d'une nouvelle nation : 30
ERROR 14:35:20,650 [inter-chat-2-1] (aZu:65) - [CHAT] Authentication failed error code=9
 WARN 14:35:20,679 [inter-chat-2-1] (aZn:52) - [CHAT] Connection lost, reconnection in 3160ms
 INFO 14:35:20,692 [AWT-EventQueue-0] (aPV:174) - [Information (combat)] Phorreur Immature: 1 PA
 INFO 14:35:20,693 [AWT-EventQueue-0] (aPV:174) - [Information (combat)] Phorreur Immature: 1 PM
 INFO 14:35:20,702 [AWT-EventQueue-0] (aPV:174) - [Information (combat)] PJ2: excave un Gisement de saphir
 INFO 14:35:20,703 [AWT-EventQueue-0] (aPV:174) - [Information (combat)] PJ2: excave un Gisement de rubis
 INFO 14:35:20,704 [AWT-EventQueue-0] (aPV:174) - [Information (combat)] PJ2: excave un Gisement de diamant
 INFO 14:35:20,704 [AWT-EventQueue-0] (aPV:174) - [Information (combat)] PJ2: excave un Gisement d'or
 INFO 14:35:20,736 [AWT-EventQueue-0] (aPV:174) - [Information (combat)] Phorreur Immature: 1 PA
 INFO 14:35:20,738 [AWT-EventQueue-0] (aPV:174) - [Information (combat)] Phorreur Immature: 1 PM
 INFO 14:35:20,766 [AWT-EventQueue-0] (aPV:174) - [Information (combat)] PJ2: excave un Gisement de saphir
 INFO 14:35:20,770 [AWT-EventQueue-0] (aPV:174) - [Information (combat)] PJ2: excave un Gisement de rubis
 INFO 14:35:20,771 [AWT-EventQueue-0] (aPV:174) - [Information (combat)] PJ2: excave un Gisement de diamant
 INFO 14:35:20,772 [AWT-EventQueue-0] (aPV:174) - [Information (combat)] PJ2: excave un Gisement d'or
 INFO 14:35:25,092 [AWT-EventQueue-0] (aPV:174) - [Information (combat)] PJ2 lance le sort Braise
 INFO 14:35:25,131 [AWT-EventQueue-0] (aPV:174) - [Information (combat)] PJ2 lance le sort Braise
 INFO 14:35:26,384 [AWT-EventQueue-0] (aPV:174) - [Information (combat)] Mama Wapin: -40 PV (Feu)
 INFO 14:35:26,432 [AWT-EventQueue-0] (aPV:174) - [Information (combat)] Mama Wapin: -40 PV (Feu)
 INFO 14:35:26,735 [AWT-EventQueue-0] (aPV:174) - [Information (combat)] PJ2 : +1 636 points d'XP.  Prochain niveau dans : 27 819 727.
 INFO 14:35:26,741 [AWT-EventQueue-0] (aPV:174) - [Information (combat)] Combat terminé, cliquez ici pour rouvrir l'écran de fin de combat. 
 INFO 14:35:26,754 [AWT-EventQueue-0] (aWF:91) - [FIGHT] End fight with id 1552052503
 INFO 14:35:26,756 [AWT-EventQueue-0] (ciD:122) - NetInFight Removed
 INFO 14:35:26,777 [AWT-EventQueue-0] (frH:215) - [NATION] Trying to remove 10662067 from {Nation id=0} after a disconnection but he's not in it
 INFO 14:35:26,780 [AWT-EventQueue-0] (ber:318) - Achievement objective completed : 10579
 INFO 14:35:26,781 [AWT-EventQueue-0] (aPV:174) - [Information (combat)] PJ1 : +3 427 points d'XP.  Prochain niveau dans : 12 441 470 369.
 INFO 14:35:26,785 [AWT-EventQueue-0] (aPV:174) - [Information (combat)] Combat terminé, cliquez ici pour rouvrir l'écran de fin de combat. 
 INFO 14:35:26,793 [AWT-EventQueue-0] (aWF:91) - [FIGHT] End fight with id 1552052503
 INFO 14:35:26,794 [AWT-EventQueue-0] (ciD:122) - NetInFight Removed
 WARN 14:35:26,795 [AWT-EventQueue-0] (bvE:67) - acteur gfxId=100501381 n'a pas une anim AnimStatique valide
 INFO 14:35:26,797 [AWT-EventQueue-0] (frH:215) - [NATION] Trying to remove 10910227 from {Nation id=30} after a disconnection but he's not in it
 INFO 14:35:27,741 [AWT-EventQueue-0] (frH:215) - [NATION] Trying to remove 11579716 from {Nation id=0} after a disconnection but he's not in it
 INFO 14:35:27,779 [AWT-EventQueue-0] (frH:215) - [NATION] Trying to remove 11579716 from {Nation id=0} after a disconnection but he's not in it
ERROR 14:35:28,630 [AWT-EventQueue-0] (fGc:983) - On essaye de charger une dialog existant déjà sans avoir utilisé l'option FORCE_RELOAD
 WARN 14:35:30,533 [AWT-EventQueue-0] (aVt:481) - Impossible de trouver l'icone d'URL jar:file:./contents/gui_jar/gui.jar!/nation/flags/0.tga
 WARN 14:35:37,058 [AWT-EventQueue-0] (aVt:481) - Impossible de trouver l'icone d'URL jar:file:./contents/gui_jar/gui.jar!/icons/items/64/2182175.tga
 WARN 14:35:40,819 [AWT-EventQueue-0] (fZO:184) - La définition d'une valeur de champ est impossible sur la propriété pet
 WARN 14:35:41,351 [AWT-EventQueue-0] (fZO:184) - La définition d'une valeur de champ est impossible sur la propriété pet
 WARN 14:35:41,663 [AWT-EventQueue-0] (fZO:184) - La définition d'une valeur de champ est impossible sur la propriété pet
 WARN 14:35:42,198 [AWT-EventQueue-0] (fZO:184) - La définition d'une valeur de champ est impossible sur la propriété pet
 WARN 14:35:42,441 [AWT-EventQueue-0] (fZO:184) - La définition d'une valeur de champ est impossible sur la propriété pet
 WARN 14:35:42,768 [AWT-EventQueue-0] (fZO:184) - La définition d'une valeur de champ est impossible sur la propriété pet
 WARN 14:35:44,462 [AWT-EventQueue-0] (fZO:184) - La définition d'une valeur de champ est impossible sur la propriété pet
 WARN 14:35:45,022 [AWT-EventQueue-0] (aVt:481) - Impossible de trouver l'icone d'URL jar:file:./contents/gui_jar/gui.jar!/miscellaneous/itemTypes/601.tga
 INFO 14:35:45,897 [AWT-EventQueue-0] (frH:215) - [NATION] Trying to remove 11565329 from {Nation id=0} after a disconnection but he's not in it
 WARN 14:35:45,962 [AWT-EventQueue-0] (fZO:184) - La définition d'une valeur de champ est impossible sur la propriété pet
 INFO 14:35:46,365 [AWT-EventQueue-0] (frH:215) - [NATION] Trying to remove 2631160 from {Nation id=0} after a disconnection but he's not in it
 INFO 14:35:46,395 [AWT-EventQueue-0] (frH:215) - [NATION] Trying to remove 2631160 from {Nation id=0} after a disconnection but he's not in it
 WARN 14:35:46,962 [AWT-EventQueue-0] (fZO:184) - La définition d'une valeur de champ est impossible sur la propriété pet
 WARN 14:35:47,532 [AWT-EventQueue-0] (fZO:184) - La définition d'une valeur de champ est impossible sur la propriété pet
 WARN 14:35:47,927 [AWT-EventQueue-0] (fZO:184) - La définition d'une valeur de champ est impossible sur la propriété pet
 WARN 14:35:48,858 [AWT-EventQueue-0] (fZO:184) - La définition d'une valeur de champ est impossible sur la propriété pet
 WARN 14:35:49,247 [AWT-EventQueue-0] (fZO:184) - La définition d'une valeur de champ est impossible sur la propriété pet
 WARN 14:35:49,887 [AWT-EventQueue-0] (fZO:184) - La définition d'une valeur de champ est impossible sur la propriété pet
 WARN 14:35:50,578 [AWT-EventQueue-0] (aXi:29) - [Fight] Reception d'un message de synchronisation de position pour un fighter inconnu du client, qui devrait pourtant etre dans son combat.  FightID = 1552052485, FighterID = 11579712
 WARN 14:35:51,817 [AWT-EventQueue-0] (fZO:184) - La définition d'une valeur de champ est impossible sur la propriété pet
 WARN 14:35:52,219 [AWT-EventQueue-0] (fZO:184) - La définition d'une valeur de champ est impossible sur la propriété pet
 WARN 14:35:52,504 [AWT-EventQueue-0] (fZO:184) - La définition d'une valeur de champ est impossible sur la propriété pet
 WARN 14:35:53,414 [AWT-EventQueue-0] (fZO:184) - La définition d'une valeur de champ est impossible sur la propriété pet
 WARN 14:35:53,573 [AWT-EventQueue-0] (aVt:481) - Impossible de trouver l'icone d'URL jar:file:./contents/gui_jar/gui.jar!/miscellaneous/itemTypes/630.tga
 WARN 14:35:53,956 [AWT-EventQueue-0] (fZO:184) - La définition d'une valeur de champ est impossible sur la propriété pet
ERROR 14:35:56,199 [AWT-EventQueue-0] (cFg:27) - Resource 823 at 11:32:2 already exist on client
 WARN 14:35:58,000 [AWT-EventQueue-0] (aVt:481) - Impossible de trouver l'icone d'URL jar:file:./contents/gui_jar/gui.jar!/miscellaneous/itemTypes/746.tga
 INFO 14:36:09,638 [AWT-EventQueue-0] (frH:215) - [NATION] Trying to remove 11565329 from {Nation id=0} after a disconnection but he's not in it
 WARN 14:36:32,783 [AWT-EventQueue-0] (alp:122) - Null sound id
 WARN 14:36:32,786 [AWT-EventQueue-0] (alp:122) - Null sound id
 WARN 14:36:32,790 [AWT-EventQueue-0] (alp:122) - Null sound id
 WARN 14:36:32,794 [AWT-EventQueue-0] (eVP:68) - Target has to be a character
 WARN 14:36:32,794 [AWT-EventQueue-0] (eVP:68) - Target has to be a character
 INFO 14:36:37,940 [AWT-EventQueue-0] (frH:215) - [NATION] Trying to remove 11579718 from {Nation id=0} after a disconnection but he's not in it
 INFO 14:36:37,940 [AWT-EventQueue-0] (frH:215) - [NATION] Trying to remove 11579718 from {Nation id=0} after a disconnection but he's not in it
 INFO 14:37:02,085 [AWT-EventQueue-0] (frH:215) - [NATION] Trying to remove 11579716 from {Nation id=0} after a disconnection but he's not in it
 WARN 14:37:12,143 [AWT-EventQueue-0] (cEu:39) - Reception d'un messsage d'action pour le monstre -1706442046308329	initié par le joueur 11579716 alors qu'on ne le connait pas
 WARN 14:37:25,226 [AWT-EventQueue-0] (eVP:68) - Target has to be a character
 WARN 14:37:25,226 [AWT-EventQueue-0] (eVP:68) - Target has to be a character
 WARN 14:37:25,227 [AWT-EventQueue-0] (eVP:68) - Target has to be a character
 WARN 14:37:25,227 [AWT-EventQueue-0] (eVP:68) - Target has to be a character
 WARN 14:37:32,300 [AWT-EventQueue-0] (cho:128) - On a recu un début de plantation sur une place non libre ! 
ERROR 14:37:34,316 [AWT-EventQueue-0] (cFg:27) - Resource 825 at 24:31:2 already exist on client
 INFO 14:37:37,341 [AWT-EventQueue-0] (frH:215) - [NATION] Trying to remove 11579718 from {Nation id=0} after a disconnection but he's not in it
 WARN 14:37:40,370 [AWT-EventQueue-0] (cho:128) - On a recu un début de plantation sur une place non libre ! 
 INFO 14:37:40,373 [AWT-EventQueue-0] (frH:215) - [NATION] Trying to remove 11579716 from {Nation id=0} after a disconnection but he's not in it
ERROR 14:37:42,388 [AWT-EventQueue-0] (cFg:27) - Resource 825 at 23:31:2 already exist on client
 INFO 14:37:42,388 [AWT-EventQueue-0] (frH:215) - [NATION] Trying to remove 11565329 from {Nation id=0} after a disconnection but he's not in it
ERROR 14:37:44,403 [AWT-EventQueue-0] (cFg:27) - Resource 825 at 23:30:2 already exist on client
 INFO 14:37:48,430 [AWT-EventQueue-0] (frH:215) - [NATION] Trying to remove 11579718 from {Nation id=0} after a disconnection but he's not in it
 INFO 14:37:56,487 [AWT-EventQueue-0] (frH:215) - [NATION] Trying to remove 11579718 from {Nation id=0} after a disconnection but he's not in it
 INFO 14:37:56,490 [AWT-EventQueue-0] (frH:215) - [NATION] Trying to remove 11579718 from {Nation id=0} after a disconnection but he's not in it
 INFO 14:38:02,526 [AWT-EventQueue-0] (frH:215) - [NATION] Trying to remove 11579718 from {Nation id=0} after a disconnection but he's not in it
 INFO 14:38:02,529 [AWT-EventQueue-0] (frH:215) - [NATION] Trying to remove 11579718 from {Nation id=0} after a disconnection but he's not in it
 INFO 14:38:02,532 [AWT-EventQueue-0] (frH:215) - [NATION] Trying to remove 11579718 from {Nation id=0} after a disconnection but he's not in it
 INFO 14:38:02,534 [AWT-EventQueue-0] (frH:215) - [NATION] Trying to remove 11579718 from {Nation id=0} after a disconnection but he's not in it
 INFO 14:38:04,549 [AWT-EventQueue-0] (frH:215) - [NATION] Trying to remove 11579718 from {Nation id=0} after a disconnection but he's not in it
 INFO 14:38:13,604 [AWT-EventQueue-0] (frH:215) - [NATION] Trying to remove 11579716 from {Nation id=0} after a disconnection but he's not in it
 WARN 14:38:18,635 [AWT-EventQueue-0] (cEu:39) - Reception d'un messsage d'action pour le monstre -1706442046308329	initié par le joueur 11579718 alors qu'on ne le connait pas
 INFO 14:38:42,781 [AWT-EventQueue-0] (Tc:407) - Invalid start cell for pathfind search : doesn't exist. HASHCODE : 2251945843195904
 INFO 14:38:43,789 [AWT-EventQueue-0] (Tc:407) - Invalid start cell for pathfind search : doesn't exist. HASHCODE : 2251877122932736
 INFO 14:38:43,789 [AWT-EventQueue-0] (Tc:407) - Invalid start cell for pathfind search : doesn't exist. HASHCODE : 2251877122932736
 INFO 14:38:43,790 [AWT-EventQueue-0] (Tc:407) - Invalid start cell for pathfind search : doesn't exist. HASHCODE : 2251877122932736
 INFO 14:38:43,790 [AWT-EventQueue-0] (Tc:407) - Invalid start cell for pathfind search : doesn't exist. HASHCODE : 2251877122932736
 INFO 14:38:43,790 [AWT-EventQueue-0] (Tc:407) - Invalid start cell for pathfind search : doesn't exist. HASHCODE : 2251877122932736
 INFO 14:38:43,790 [AWT-EventQueue-0] (Tc:407) - Invalid start cell for pathfind search : doesn't exist. HASHCODE : 2251877122932736
 INFO 14:38:44,816 [AWT-EventQueue-0] (frH:215) - [NATION] Trying to remove 11565329 from {Nation id=0} after a disconnection but he's not in it
 INFO 14:38:46,829 [AWT-EventQueue-0] (frH:215) - [NATION] Trying to remove 11579716 from {Nation id=0} after a disconnection but he's not in it
 INFO 14:38:48,843 [AWT-EventQueue-0] (frH:215) - [NATION] Trying to remove 11579718 from {Nation id=0} after a disconnection but he's not in it
 INFO 14:38:48,844 [AWT-EventQueue-0] (frH:215) - [NATION] Trying to remove 11579712 from {Nation id=0} after a disconnection but he's not in it
 INFO 14:38:49,836 [AWT-EventQueue-0] (frH:215) - [NATION] Trying to remove 11565329 from {Nation id=0} after a disconnection but he's not in it
 INFO 14:38:49,838 [AWT-EventQueue-0] (frH:215) - [NATION] Trying to remove 11579712 from {Nation id=0} after a disconnection but he's not in it
 INFO 14:38:58,911 [AWT-EventQueue-0] (frH:215) - [NATION] Trying to remove 11579716 from {Nation id=0} after a disconnection but he's not in it
 INFO 14:38:59,917 [AWT-EventQueue-0] (frH:215) - [NATION] Trying to remove 11579716 from {Nation id=0} after a disconnection but he's not in it
 INFO 14:39:04,929 [AWT-EventQueue-0] (frH:215) - [NATION] Trying to remove 11579716 from {Nation id=0} after a disconnection but he's not in it
 INFO 14:39:04,947 [AWT-EventQueue-0] (frH:215) - [NATION] Trying to remove 11579718 from {Nation id=0} after a disconnection but he's not in it
 INFO 14:39:08,952 [AWT-EventQueue-0] (frH:215) - [NATION] Trying to remove 11579718 from {Nation id=0} after a disconnection but he's not in it
 INFO 14:39:19,032 [AWT-EventQueue-0] (frH:215) - [NATION] Trying to remove 11576406 from {Nation id=0} after a disconnection but he's not in it
 INFO 14:39:21,044 [AWT-EventQueue-0] (frH:215) - [NATION] Trying to remove 11576406 from {Nation id=0} after a disconnection but he's not in it
 INFO 14:39:47,253 [AWT-EventQueue-0] (Tc:407) - Invalid start cell for pathfind search : doesn't exist. HASHCODE : 2251859942080512
 INFO 14:39:47,253 [AWT-EventQueue-0] (Tc:407) - Invalid start cell for pathfind search : doesn't exist. HASHCODE : 2251859942080512
 INFO 14:39:47,253 [AWT-EventQueue-0] (Tc:407) - Invalid start cell for pathfind search : doesn't exist. HASHCODE : 2251859942080512
 INFO 14:39:47,253 [AWT-EventQueue-0] (Tc:407) - Invalid start cell for pathfind search : doesn't exist. HASHCODE : 2251859942080512
 INFO 14:39:49,268 [AWT-EventQueue-0] (frH:215) - [NATION] Trying to remove 11579715 from {Nation id=0} after a disconnection but he's not in it
 INFO 14:39:50,274 [AWT-EventQueue-0] (Tc:407) - Invalid start cell for pathfind search : doesn't exist. HASHCODE : 2251894302474241
 INFO 14:39:50,274 [AWT-EventQueue-0] (Tc:407) - Invalid start cell for pathfind search : doesn't exist. HASHCODE : 2251894302474241
 INFO 14:39:51,281 [AWT-EventQueue-0] (frH:215) - [NATION] Trying to remove 11375276 from {Nation id=0} after a disconnection but he's not in it
 INFO 14:39:52,244 [AWT-EventQueue-0] (frH:215) - [NATION] Trying to remove 11577593 from {Nation id=0} after a disconnection but he's not in it
 INFO 14:39:52,287 [AWT-EventQueue-0] (frH:215) - [NATION] Trying to remove 11577593 from {Nation id=0} after a disconnection but he's not in it
 WARN 14:39:54,299 [AWT-EventQueue-0] (cEu:39) - Reception d'un messsage d'action pour le monstre -1706442046308329	initié par le joueur 11375276 alors qu'on ne le connait pas
 WARN 14:39:58,317 [AWT-EventQueue-0] (cEu:39) - Reception d'un messsage d'action pour le monstre -1706442046308329	initié par le joueur 11375186 alors qu'on ne le connait pas
 WARN 14:40:08,371 [AWT-EventQueue-0] (cEu:39) - Reception d'un messsage d'action pour le monstre -1706442046308329	initié par le joueur 11375276 alors qu'on ne le connait pas
 WARN 14:40:12,390 [AWT-EventQueue-0] (cEu:39) - Reception d'un messsage d'action pour le monstre -1706442046308329	initié par le joueur 11375186 alors qu'on ne le connait pas
ERROR 14:40:19,407 [AWT-EventQueue-0] (cho:237) - Message COLLECT MONSTER START reçu avec une cible invalide
 WARN 14:40:25,466 [AWT-EventQueue-0] (eVP:68) - Target has to be a character
 WARN 14:40:25,466 [AWT-EventQueue-0] (eVP:68) - Target has to be a character
 WARN 14:40:25,467 [AWT-EventQueue-0] (eVP:68) - Target has to be a character
 WARN 14:40:25,467 [AWT-EventQueue-0] (eVP:68) - Target has to be a character
 INFO 14:40:26,449 [AWT-EventQueue-0] (frH:215) - [NATION] Trying to remove 11375276 from {Nation id=0} after a disconnection but he's not in it
 INFO 14:40:27,479 [AWT-EventQueue-0] (frH:215) - [NATION] Trying to remove 11506488 from {Nation id=0} after a disconnection but he's not in it
 WARN 14:40:48,578 [AWT-EventQueue-0] (eVP:68) - Target has to be a character
 WARN 14:40:48,579 [AWT-EventQueue-0] (eVP:68) - Target has to be a character
 WARN 14:40:48,579 [AWT-EventQueue-0] (eVP:68) - Target has to be a character
 WARN 14:40:48,579 [AWT-EventQueue-0] (eVP:68) - Target has to be a character
 INFO 14:40:54,617 [AWT-EventQueue-0] (frH:215) - [NATION] Trying to remove 11375276 from {Nation id=0} after a disconnection but he's not in it
 INFO 14:40:55,623 [AWT-EventQueue-0] (Tc:407) - Invalid start cell for pathfind search : doesn't exist. HASHCODE : 2251928661950464
 INFO 14:40:55,623 [AWT-EventQueue-0] (Tc:407) - Invalid start cell for pathfind search : doesn't exist. HASHCODE : 2251928661950464
 INFO 14:40:55,623 [AWT-EventQueue-0] (Tc:407) - Invalid start cell for pathfind search : doesn't exist. HASHCODE : 2251928661950464
 INFO 14:40:55,623 [AWT-EventQueue-0] (Tc:407) - Invalid start cell for pathfind search : doesn't exist. HASHCODE : 2251928661950464
 INFO 14:40:55,624 [AWT-EventQueue-0] (Tc:407) - Invalid start cell for pathfind search : doesn't exist. HASHCODE : 2251928661950464
 INFO 14:40:56,630 [AWT-EventQueue-0] (Tc:407) - Invalid start cell for pathfind search : doesn't exist. HASHCODE : 2251980201558016
 INFO 14:40:57,642 [AWT-EventQueue-0] (aXi:35) - Resynchronisation de la position d'un fighter dans notre combat.  FightID = 1552052576, FighterID = 11579715 à la position {Point3 : (8, 29, 1)}
 INFO 14:41:17,630 [AWT-EventQueue-0] (aXi:35) - Resynchronisation de la position d'un fighter dans notre combat.  FightID = 1552052581, FighterID = 11579715 à la position {Point3 : (10, 30, 1)}
 INFO 14:41:20,716 [AWT-EventQueue-0] (frH:215) - [NATION] Trying to remove 11532411 from {Nation id=0} after a disconnection but he's not in it
 WARN 14:41:30,928 [AWT-EventQueue-0] (aVt:481) - Impossible de trouver l'icone d'URL jar:file:./contents/gui_jar/gui.jar!/nation/pvp/rank/000.tga
 INFO 14:41:38,661 [AWT-EventQueue-0] (Tc:407) - Invalid start cell for pathfind search : doesn't exist. HASHCODE : 2251859942080512
 INFO 14:41:39,335 [AWT-EventQueue-0] (Tc:407) - Invalid start cell for pathfind search : doesn't exist. HASHCODE : 2251859942080512
 INFO 14:41:43,766 [AWT-EventQueue-0] (Tc:407) - Invalid start cell for pathfind search : doesn't exist. HASHCODE : 2252117640642561
 INFO 14:41:44,038 [AWT-EventQueue-0] (Tc:407) - Invalid start cell for pathfind search : doesn't exist. HASHCODE : 2252117640642561
 INFO 14:41:44,541 [AWT-EventQueue-0] (Tc:407) - Invalid start cell for pathfind search : doesn't exist. HASHCODE : 2251825582342144
 INFO 14:41:47,737 [AWT-EventQueue-0] (frH:215) - [NATION] Trying to remove 11579715 from {Nation id=0} after a disconnection but he's not in it
 INFO 14:41:47,740 [AWT-EventQueue-0] (frH:215) - [NATION] Trying to remove 11579715 from {Nation id=0} after a disconnection but he's not in it
 WARN 14:42:26,922 [AWT-EventQueue-0] (cho:128) - On a recu un début de plantation sur une place non libre ! 
 WARN 14:42:27,848 [AWT-EventQueue-0] (cho:128) - On a recu un début de plantation sur une place non libre ! 
ERROR 14:42:29,865 [AWT-EventQueue-0] (cFg:27) - Resource 825 at 16:29:2 already exist on client
ERROR 14:42:29,950 [AWT-EventQueue-0] (cFg:27) - Resource 825 at 16:29:2 already exist on client
ERROR 14:42:33,889 [AWT-EventQueue-0] (cFg:27) - Resource 825 at 15:29:2 already exist on client
ERROR 14:42:33,976 [AWT-EventQueue-0] (cFg:27) - Resource 825 at 15:29:2 already exist on client
 WARN 14:42:35,906 [AWT-EventQueue-0] (cho:128) - On a recu un début de plantation sur une place non libre ! 
 WARN 14:42:35,990 [AWT-EventQueue-0] (cho:128) - On a recu un début de plantation sur une place non libre ! 
ERROR 14:42:38,923 [AWT-EventQueue-0] (cFg:27) - Resource 825 at 16:30:2 already exist on client
ERROR 14:42:39,008 [AWT-EventQueue-0] (cFg:27) - Resource 825 at 16:30:2 already exist on client
 INFO 14:43:14,139 [AWT-EventQueue-0] (frH:215) - [NATION] Trying to remove 4913007 from {Nation id=0} after a disconnection but he's not in it
 INFO 14:43:14,214 [AWT-EventQueue-0] (frH:215) - [NATION] Trying to remove 4913007 from {Nation id=0} after a disconnection but he's not in it
 INFO 14:43:21,187 [AWT-EventQueue-0] (frH:215) - [NATION] Trying to remove 11579715 from {Nation id=0} after a disconnection but he's not in it
 INFO 14:43:21,257 [AWT-EventQueue-0] (frH:215) - [NATION] Trying to remove 11579715 from {Nation id=0} after a disconnection but he's not in it
 INFO 14:43:27,223 [AWT-EventQueue-0] (frH:215) - [NATION] Trying to remove 4913007 from {Nation id=0} after a disconnection but he's not in it
 INFO 14:43:27,289 [AWT-EventQueue-0] (frH:215) - [NATION] Trying to remove 4913007 from {Nation id=0} after a disconnection but he's not in it
 WARN 14:43:45,333 [AWT-EventQueue-0] (eVP:68) - Target has to be a character
 WARN 14:43:45,334 [AWT-EventQueue-0] (eVP:68) - Target has to be a character
 WARN 14:43:45,389 [AWT-EventQueue-0] (eVP:68) - Target has to be a character
 WARN 14:43:45,390 [AWT-EventQueue-0] (eVP:68) - Target has to be a character
 WARN 14:43:45,391 [AWT-EventQueue-0] (eVP:68) - Target has to be a character
 WARN 14:43:45,391 [AWT-EventQueue-0] (eVP:68) - Target has to be a character
 WARN 14:43:46,354 [AWT-EventQueue-0] (eVP:68) - Target has to be a character
 WARN 14:43:46,354 [AWT-EventQueue-0] (eVP:68) - Target has to be a character
 INFO 14:43:48,407 [AWT-EventQueue-0] (Tc:407) - Invalid start cell for pathfind search : doesn't exist. HASHCODE : 2251980201558016
 INFO 14:43:48,407 [AWT-EventQueue-0] (Tc:407) - Invalid start cell for pathfind search : doesn't exist. HASHCODE : 2251980201558016
 INFO 14:43:48,408 [AWT-EventQueue-0] (Tc:407) - Invalid start cell for pathfind search : doesn't exist. HASHCODE : 2251980201558016
 INFO 14:43:48,419 [AWT-EventQueue-0] (Tc:407) - Invalid start cell for pathfind search : doesn't exist. HASHCODE : 2252014561296384
 INFO 14:43:48,419 [AWT-EventQueue-0] (Tc:407) - Invalid start cell for pathfind search : doesn't exist. HASHCODE : 2252014561296384
 INFO 14:43:48,420 [AWT-EventQueue-0] (Tc:407) - Invalid start cell for pathfind search : doesn't exist. HASHCODE : 2252014561296384
 INFO 14:44:05,551 [AWT-EventQueue-0] (Tc:407) - Invalid start cell for pathfind search : doesn't exist. HASHCODE : 2251739684044804
 INFO 14:44:05,551 [AWT-EventQueue-0] (Tc:407) - Invalid start cell for pathfind search : doesn't exist. HASHCODE : 2251739684044804
 INFO 14:44:14,657 [AWT-EventQueue-0] (Tc:407) - Invalid start cell for pathfind search : doesn't exist. HASHCODE : 2251997381492736
 INFO 14:44:14,657 [AWT-EventQueue-0] (Tc:407) - Invalid start cell for pathfind search : doesn't exist. HASHCODE : 2251997381492736
 INFO 14:44:14,658 [AWT-EventQueue-0] (Tc:407) - Invalid start cell for pathfind search : doesn't exist. HASHCODE : 2251997381492736
 INFO 14:44:34,798 [AWT-EventQueue-0] (Tc:407) - Invalid start cell for pathfind search : doesn't exist. HASHCODE : 2251705324371978
 INFO 14:44:38,823 [AWT-EventQueue-0] (frH:215) - [NATION] Trying to remove 11579712 from {Nation id=0} after a disconnection but he's not in it
 INFO 14:44:38,823 [AWT-EventQueue-0] (frH:215) - [NATION] Trying to remove 11579712 from {Nation id=0} after a disconnection but he's not in it
 INFO 14:44:40,838 [AWT-EventQueue-0] (Tc:407) - Invalid start cell for pathfind search : doesn't exist. HASHCODE : 2251739683979272
 INFO 14:44:40,838 [AWT-EventQueue-0] (Tc:407) - Invalid start cell for pathfind search : doesn't exist. HASHCODE : 2251739683979272
 INFO 14:44:52,931 [AWT-EventQueue-0] (Tc:407) - Invalid start cell for pathfind search : doesn't exist. HASHCODE : 2251739684044801
 INFO 14:44:52,931 [AWT-EventQueue-0] (Tc:407) - Invalid start cell for pathfind search : doesn't exist. HASHCODE : 2251739684044800
 INFO 14:44:58,974 [AWT-EventQueue-0] (Tc:407) - Invalid start cell for pathfind search : doesn't exist. HASHCODE : 2251688144371713
 INFO 14:45:00,987 [AWT-EventQueue-0] (frH:215) - [NATION] Trying to remove 11572963 from {Nation id=0} after a disconnection but he's not in it
 INFO 14:45:00,987 [AWT-EventQueue-0] (frH:215) - [NATION] Trying to remove 11572963 from {Nation id=0} after a disconnection but he's not in it
 INFO 14:45:31,173 [AWT-EventQueue-0] (Tc:407) - Invalid start cell for pathfind search : doesn't exist. HASHCODE : 2251774043521025
 INFO 14:45:31,173 [AWT-EventQueue-0] (Tc:407) - Invalid start cell for pathfind search : doesn't exist. HASHCODE : 2251774043521025
 INFO 14:46:19,488 [AWT-EventQueue-0] (frH:215) - [NATION] Trying to remove 11579727 from {Nation id=0} after a disconnection but he's not in it
 INFO 14:46:19,488 [AWT-EventQueue-0] (frH:215) - [NATION] Trying to remove 11579727 from {Nation id=0} after a disconnection but he's not in it
 INFO 14:46:44,660 [AWT-EventQueue-0] (Tc:407) - Invalid start cell for pathfind search : doesn't exist. HASHCODE : 2251859943260160
 INFO 14:46:44,660 [AWT-EventQueue-0] (Tc:407) - Invalid start cell for pathfind search : doesn't exist. HASHCODE : 2251877123129344
 INFO 14:46:44,661 [AWT-EventQueue-0] (Tc:407) - Invalid start cell for pathfind search : doesn't exist. HASHCODE : 2251877123129344
 INFO 14:46:44,661 [AWT-EventQueue-0] (Tc:407) - Invalid start cell for pathfind search : doesn't exist. HASHCODE : 2251859943260160
 INFO 14:46:44,661 [AWT-EventQueue-0] (Tc:407) - Invalid start cell for pathfind search : doesn't exist. HASHCODE : 2251859943260160
 INFO 14:46:44,661 [AWT-EventQueue-0] (Tc:407) - Invalid start cell for pathfind search : doesn't exist. HASHCODE : 2251877123129344
 INFO 14:46:45,667 [AWT-EventQueue-0] (Tc:407) - Invalid start cell for pathfind search : doesn't exist. HASHCODE : 2251842763390976
 INFO 14:46:47,681 [AWT-EventQueue-0] (frH:215) - [NATION] Trying to remove 11572963 from {Nation id=0} after a disconnection but he's not in it
 INFO 14:46:47,682 [AWT-EventQueue-0] (frH:215) - [NATION] Trying to remove 11572963 from {Nation id=0} after a disconnection but he's not in it
 INFO 14:46:50,701 [AWT-EventQueue-0] (frH:215) - [NATION] Trying to remove 11579735 from {Nation id=0} after a disconnection but he's not in it
 INFO 14:46:50,701 [AWT-EventQueue-0] (frH:215) - [NATION] Trying to remove 11579735 from {Nation id=0} after a disconnection but he's not in it
 INFO 14:47:07,829 [AWT-EventQueue-0] (aXi:35) - Resynchronisation de la position d'un fighter dans notre combat.  FightID = 1552052664, FighterID = 11579733 à la position {Point3 : (34, 6, 1)}
 INFO 14:47:07,830 [AWT-EventQueue-0] (aXi:35) - Resynchronisation de la position d'un fighter dans notre combat.  FightID = 1552052664, FighterID = 11579733 à la position {Point3 : (34, 6, 1)}
 INFO 14:47:30,973 [AWT-EventQueue-0] (frH:215) - [NATION] Trying to remove 11579323 from {Nation id=0} after a disconnection but he's not in it
 INFO 14:47:30,973 [AWT-EventQueue-0] (frH:215) - [NATION] Trying to remove 11579323 from {Nation id=0} after a disconnection but he's not in it
 INFO 14:48:08,206 [AWT-EventQueue-0] (aXi:35) - Resynchronisation de la position d'un fighter dans notre combat.  FightID = 1552052682, FighterID = 11579733 à la position {Point3 : (3, 6, 1)}
 INFO 14:48:08,206 [AWT-EventQueue-0] (aXi:35) - Resynchronisation de la position d'un fighter dans notre combat.  FightID = 1552052682, FighterID = 11579733 à la position {Point3 : (3, 6, 1)}
 INFO 14:48:51,470 [AWT-EventQueue-0] (aXi:35) - Resynchronisation de la position d'un fighter dans notre combat.  FightID = 1552052692, FighterID = 11579733 à la position {Point3 : (-6, 7, 9)}
 INFO 14:48:51,470 [AWT-EventQueue-0] (aXi:35) - Resynchronisation de la position d'un fighter dans notre combat.  FightID = 1552052692, FighterID = 11579733 à la position {Point3 : (-6, 7, 9)}
 WARN 14:48:55,495 [AWT-EventQueue-0] (cky:29) - The fight with the id 1552052697 has not been found
 WARN 14:48:55,496 [AWT-EventQueue-0] (cky:29) - The fight with the id 1552052697 has not been found
 INFO 14:49:02,594 [AWT-EventQueue-0] (frH:215) - [NATION] Trying to remove 11579733 from {Nation id=0} after a disconnection but he's not in it
 INFO 14:49:02,594 [AWT-EventQueue-0] (frH:215) - [NATION] Trying to remove 11579733 from {Nation id=0} after a disconnection but he's not in it
 INFO 14:49:32,782 [AWT-EventQueue-0] (frH:215) - [NATION] Trying to remove 11579715 from {Nation id=0} after a disconnection but he's not in it
 INFO 14:49:32,782 [AWT-EventQueue-0] (frH:215) - [NATION] Trying to remove 11579715 from {Nation id=0} after a disconnection but he's not in it
 INFO 14:49:58,958 [AWT-EventQueue-0] (aXi:35) - Resynchronisation de la position d'un fighter dans notre combat.  FightID = 1552052697, FighterID = 11579712 à la position {Point3 : (2, 21, 1)}
 INFO 14:49:58,958 [AWT-EventQueue-0] (aXi:35) - Resynchronisation de la position d'un fighter dans notre combat.  FightID = 1552052697, FighterID = 11579712 à la position {Point3 : (2, 21, 1)}
 INFO 14:50:14,156 [AWT-EventQueue-0] (Tc:407) - Invalid start cell for pathfind search : doesn't exist. HASHCODE : 2251859942277125
 INFO 14:50:19,194 [AWT-EventQueue-0] (frH:215) - [NATION] Trying to remove 11579712 from {Nation id=0} after a disconnection but he's not in it
 INFO 14:50:19,194 [AWT-EventQueue-0] (frH:215) - [NATION] Trying to remove 11579712 from {Nation id=0} after a disconnection but he's not in it
 INFO 14:50:28,253 [AWT-EventQueue-0] (aXi:35) - Resynchronisation de la position d'un fighter dans notre combat.  FightID = 1552052715, FighterID = 4913007 à la position {Point3 : (12, 33, 1)}
 INFO 14:50:28,253 [AWT-EventQueue-0] (aXi:35) - Resynchronisation de la position d'un fighter dans notre combat.  FightID = 1552052715, FighterID = 4913007 à la position {Point3 : (12, 33, 1)}
ERROR 14:50:28,255 [AWT-EventQueue-0] (cFg:27) - Resource 823 at 11:32:2 already exist on client
 WARN 14:50:33,286 [AWT-EventQueue-0] (bvf:342) - [FIGHT_REFACTOR]Tentative de spawn du fighter -1706442038224131 sans connaitre sa team
 WARN 14:50:33,286 [AWT-EventQueue-0] (bvf:342) - [FIGHT_REFACTOR]Tentative de spawn du fighter -1706442038224131 sans connaitre sa team
 INFO 14:50:33,287 [AWT-EventQueue-0] (cko:37) - Starting join procedure for -1706442038224131
 INFO 14:50:33,287 [AWT-EventQueue-0] (cko:37) - Starting join procedure for -1706442038224131
 INFO 14:50:40,346 [AWT-EventQueue-0] (frH:215) - [NATION] Trying to remove 11273360 from {Nation id=0} after a disconnection but he's not in it
 INFO 14:50:40,346 [AWT-EventQueue-0] (frH:215) - [NATION] Trying to remove 11273360 from {Nation id=0} after a disconnection but he's not in it
 INFO 14:50:41,354 [AWT-EventQueue-0] (frH:215) - [NATION] Trying to remove 11579030 from {Nation id=0} after a disconnection but he's not in it
 INFO 14:50:41,354 [AWT-EventQueue-0] (frH:215) - [NATION] Trying to remove 11579030 from {Nation id=0} after a disconnection but he's not in it
ERROR 14:50:42,360 [AWT-EventQueue-0] (cFg:27) - Resource 823 at 11:32:2 already exist on client
ERROR 14:50:42,361 [AWT-EventQueue-0] (cFg:27) - Resource 823 at 11:32:2 already exist on client
 WARN 14:50:47,394 [AsyncLoader-50] (Gi:59) - Unable to read file:./contents/animations/equipments/equipments.jar!/210420101.anm : JAR entry 210420101.anm not found in ./contents/animations/equipments/equipments.jar
 INFO 14:50:49,430 [AWT-EventQueue-0] (aXi:35) - Resynchronisation de la position d'un fighter dans notre combat.  FightID = 1552052711, FighterID = 11579733 à la position {Point3 : (2, -4, 1)}
 INFO 14:50:49,430 [AWT-EventQueue-0] (aXi:35) - Resynchronisation de la position d'un fighter dans notre combat.  FightID = 1552052711, FighterID = 11579733 à la position {Point3 : (2, -4, 1)}
 INFO 14:50:49,430 [AWT-EventQueue-0] (aVY:58) - Removing character Balise de Destruction from manager
 INFO 14:50:49,430 [AWT-EventQueue-0] (aVY:58) - Removing character Balise de Destruction from manager
 WARN 14:50:49,431 [AWT-EventQueue-0] (biX:279) - Tentative de suppression d'un CharacterInfo 0 inexistant.
 WARN 14:50:49,431 [AWT-EventQueue-0] (biX:279) - Tentative de suppression d'un CharacterInfo 0 inexistant.
 INFO 14:50:58,502 [AWT-EventQueue-0] (Tc:407) - Invalid start cell for pathfind search : doesn't exist. HASHCODE : 2252117640511487
 INFO 14:50:58,502 [AWT-EventQueue-0] (Tc:407) - Invalid start cell for pathfind search : doesn't exist. HASHCODE : 2252014561361920
 INFO 14:50:58,503 [AWT-EventQueue-0] (frH:215) - [NATION] Trying to remove 4596589 from {Nation id=0} after a disconnection but he's not in it
 INFO 14:50:58,503 [AWT-EventQueue-0] (frH:215) - [NATION] Trying to remove 4596589 from {Nation id=0} after a disconnection but he's not in it
 INFO 14:51:01,521 [AWT-EventQueue-0] (frH:215) - [NATION] Trying to remove 11273360 from {Nation id=0} after a disconnection but he's not in it
 INFO 14:51:01,521 [AWT-EventQueue-0] (frH:215) - [NATION] Trying to remove 11273360 from {Nation id=0} after a disconnection but he's not in it
 INFO 14:51:02,528 [AWT-EventQueue-0] (frH:215) - [NATION] Trying to remove 11579030 from {Nation id=0} after a disconnection but he's not in it
 INFO 14:51:02,529 [AWT-EventQueue-0] (frH:215) - [NATION] Trying to remove 11579030 from {Nation id=0} after a disconnection but he's not in it
 INFO 14:51:10,576 [AWT-EventQueue-0] (aXi:35) - Resynchronisation de la position d'un fighter dans notre combat.  FightID = 1552052725, FighterID = 4913007 à la position {Point3 : (11, 33, 1)}
 INFO 14:51:10,578 [AWT-EventQueue-0] (aXi:35) - Resynchronisation de la position d'un fighter dans notre combat.  FightID = 1552052725, FighterID = 4913007 à la position {Point3 : (11, 33, 1)}
 INFO 14:51:22,665 [AWT-EventQueue-0] (Tc:407) - Invalid start cell for pathfind search : doesn't exist. HASHCODE : 2251842762473475
 INFO 14:51:22,665 [AWT-EventQueue-0] (Tc:407) - Invalid start cell for pathfind search : doesn't exist. HASHCODE : 2251842762473476
 INFO 14:51:22,665 [AWT-EventQueue-0] (Tc:407) - Invalid start cell for pathfind search : doesn't exist. HASHCODE : 2251842762473476
 INFO 14:51:22,665 [AWT-EventQueue-0] (Tc:407) - Invalid start cell for pathfind search : doesn't exist. HASHCODE : 2251842762473475
 INFO 14:51:22,665 [AWT-EventQueue-0] (Tc:407) - Invalid start cell for pathfind search : doesn't exist. HASHCODE : 2251842762473476
 INFO 14:51:22,665 [AWT-EventQueue-0] (Tc:407) - Invalid start cell for pathfind search : doesn't exist. HASHCODE : 2251842762473475
 INFO 14:51:22,666 [AWT-EventQueue-0] (Tc:407) - Invalid start cell for pathfind search : doesn't exist. HASHCODE : 2251842762473475
 INFO 14:51:22,666 [AWT-EventQueue-0] (Tc:407) - Invalid start cell for pathfind search : doesn't exist. HASHCODE : 2251842762473476
 INFO 14:51:22,666 [AWT-EventQueue-0] (Tc:407) - Invalid start cell for pathfind search : doesn't exist. HASHCODE : 2251842762473476
 INFO 14:51:22,666 [AWT-EventQueue-0] (Tc:407) - Invalid start cell for pathfind search : doesn't exist. HASHCODE : 2251842762473475
 INFO 14:51:23,672 [AWT-EventQueue-0] (Tc:407) - Invalid start cell for pathfind search : doesn't exist. HASHCODE : 2251859942277123
 INFO 14:51:23,672 [AWT-EventQueue-0] (Tc:407) - Invalid start cell for pathfind search : doesn't exist. HASHCODE : 2251859942277123
 INFO 14:51:23,673 [AWT-EventQueue-0] (Tc:407) - Invalid start cell for pathfind search : doesn't exist. HASHCODE : 2251859942277123
 INFO 14:51:23,674 [AWT-EventQueue-0] (Tc:407) - Invalid start cell for pathfind search : doesn't exist. HASHCODE : 2251859942277123
 INFO 14:51:24,680 [AWT-EventQueue-0] (aXi:35) - Resynchronisation de la position d'un fighter dans notre combat.  FightID = 1552052728, FighterID = 11579733 à la position {Point3 : (5, -1, 2)}
 INFO 14:51:24,680 [AWT-EventQueue-0] (aXi:35) - Resynchronisation de la position d'un fighter dans notre combat.  FightID = 1552052728, FighterID = 11579733 à la position {Point3 : (5, -1, 2)}
 INFO 14:51:24,681 [AWT-EventQueue-0] (Tc:407) - Invalid start cell for pathfind search : doesn't exist. HASHCODE : 2251842762801155
 INFO 14:51:26,697 [AWT-EventQueue-0] (Tc:407) - Invalid start cell for pathfind search : doesn't exist. HASHCODE : 2251842763259904
 INFO 14:51:26,698 [AWT-EventQueue-0] (Tc:407) - Invalid start cell for pathfind search : doesn't exist. HASHCODE : 2251842763259904
 INFO 14:51:26,698 [AWT-EventQueue-0] (Tc:407) - Invalid start cell for pathfind search : doesn't exist. HASHCODE : 2251842763259904
 INFO 14:51:26,698 [AWT-EventQueue-0] (Tc:407) - Invalid start cell for pathfind search : doesn't exist. HASHCODE : 2251842763259904
 INFO 14:51:26,698 [AWT-EventQueue-0] (Tc:407) - Invalid start cell for pathfind search : doesn't exist. HASHCODE : 2251842763259904
 INFO 14:51:26,698 [AWT-EventQueue-0] (Tc:407) - Invalid start cell for pathfind search : doesn't exist. HASHCODE : 2251842763259904
 INFO 14:51:27,705 [AWT-EventQueue-0] (Tc:407) - Invalid start cell for pathfind search : doesn't exist. HASHCODE : 2251859943194624
 INFO 14:51:56,970 [AWT-EventQueue-0] (Tc:407) - Invalid start cell for pathfind search : doesn't exist. HASHCODE : 2251963021688832
 INFO 14:51:56,970 [AWT-EventQueue-0] (Tc:407) - Invalid start cell for pathfind search : doesn't exist. HASHCODE : 2251963021688832
 INFO 14:51:57,980 [AWT-EventQueue-0] (frH:215) - [NATION] Trying to remove 11273360 from {Nation id=0} after a disconnection but he's not in it
 INFO 14:51:57,982 [AWT-EventQueue-0] (frH:215) - [NATION] Trying to remove 11273360 from {Nation id=0} after a disconnection but he's not in it
 INFO 14:52:10,076 [AWT-EventQueue-0] (Tc:407) - Invalid start cell for pathfind search : doesn't exist. HASHCODE : 2252066101428224
 INFO 14:52:10,076 [AWT-EventQueue-0] (Tc:407) - Invalid start cell for pathfind search : doesn't exist. HASHCODE : 2252066101428224
 INFO 14:52:10,076 [AWT-EventQueue-0] (Tc:407) - Invalid start cell for pathfind search : doesn't exist. HASHCODE : 2252066101428224
 INFO 14:52:10,076 [AWT-EventQueue-0] (Tc:407) - Invalid start cell for pathfind search : doesn't exist. HASHCODE : 2252066101428224
 INFO 14:52:13,101 [AWT-EventQueue-0] (frH:215) - [NATION] Trying to remove 11579733 from {Nation id=0} after a disconnection but he's not in it
 INFO 14:52:13,101 [AWT-EventQueue-0] (frH:215) - [NATION] Trying to remove 11579733 from {Nation id=0} after a disconnection but he's not in it
 INFO 14:52:14,110 [AWT-EventQueue-0] (frH:215) - [NATION] Trying to remove 11273360 from {Nation id=0} after a disconnection but he's not in it
 INFO 14:52:14,110 [AWT-EventQueue-0] (frH:215) - [NATION] Trying to remove 11273360 from {Nation id=0} after a disconnection but he's not in it
 INFO 14:52:15,119 [AWT-EventQueue-0] (frH:215) - [NATION] Trying to remove 11579030 from {Nation id=0} after a disconnection but he's not in it
 INFO 14:52:15,119 [AWT-EventQueue-0] (frH:215) - [NATION] Trying to remove 11579030 from {Nation id=0} after a disconnection but he's not in it
 WARN 14:52:20,160 [AWT-EventQueue-0] (eVP:68) - Target has to be a character
 WARN 14:52:20,160 [AWT-EventQueue-0] (eVP:68) - Target has to be a character
 WARN 14:52:20,160 [AWT-EventQueue-0] (eVP:68) - Target has to be a character
 WARN 14:52:20,160 [AWT-EventQueue-0] (eVP:68) - Target has to be a character
 WARN 14:52:21,168 [AWT-EventQueue-0] (eVP:68) - Target has to be a character
 WARN 14:52:21,169 [AWT-EventQueue-0] (eVP:68) - Target has to be a character
 WARN 14:52:21,169 [AWT-EventQueue-0] (eVP:68) - Target has to be a character
 WARN 14:52:21,169 [AWT-EventQueue-0] (eVP:68) - Target has to be a character
 INFO 14:52:30,238 [AWT-EventQueue-0] (Tc:407) - Invalid start cell for pathfind search : doesn't exist. HASHCODE : 2251739684110352
 INFO 14:52:30,239 [AWT-EventQueue-0] (Tc:407) - Invalid start cell for pathfind search : doesn't exist. HASHCODE : 2251739684110352
 INFO 14:52:30,239 [AWT-EventQueue-0] (Tc:407) - Invalid start cell for pathfind search : doesn't exist. HASHCODE : 2251739684110352
 INFO 14:52:30,239 [AWT-EventQueue-0] (Tc:407) - Invalid start cell for pathfind search : doesn't exist. HASHCODE : 2251739684110352
 INFO 14:52:30,239 [AWT-EventQueue-0] (Tc:407) - Invalid start cell for pathfind search : doesn't exist. HASHCODE : 2251739684110352
 INFO 14:52:30,239 [AWT-EventQueue-0] (Tc:407) - Invalid start cell for pathfind search : doesn't exist. HASHCODE : 2251739684110352
 INFO 14:52:31,246 [AWT-EventQueue-0] (Tc:407) - Invalid start cell for pathfind search : doesn't exist. HASHCODE : 2251739684175872
 INFO 14:52:31,247 [AWT-EventQueue-0] (Tc:407) - Invalid start cell for pathfind search : doesn't exist. HASHCODE : 2251739684175872
 INFO 14:52:31,247 [AWT-EventQueue-0] (Tc:407) - Invalid start cell for pathfind search : doesn't exist. HASHCODE : 2251739684175872
 INFO 14:52:31,247 [AWT-EventQueue-0] (Tc:407) - Invalid start cell for pathfind search : doesn't exist. HASHCODE : 2251739684175872
 INFO 14:52:33,262 [AWT-EventQueue-0] (Tc:407) - Invalid start cell for pathfind search : doesn't exist. HASHCODE : 2251791224242178
 INFO 14:52:33,262 [AWT-EventQueue-0] (Tc:407) - Invalid start cell for pathfind search : doesn't exist. HASHCODE : 2251791224242178
 INFO 14:52:33,263 [AWT-EventQueue-0] (Tc:407) - Invalid start cell for pathfind search : doesn't exist. HASHCODE : 2251791224242178
 INFO 14:52:33,263 [AWT-EventQueue-0] (Tc:407) - Invalid start cell for pathfind search : doesn't exist. HASHCODE : 2251791224242178
 INFO 14:52:39,306 [AWT-EventQueue-0] (frH:215) - [NATION] Trying to remove 4913007 from {Nation id=0} after a disconnection but he's not in it
 INFO 14:52:39,306 [AWT-EventQueue-0] (frH:215) - [NATION] Trying to remove 4913007 from {Nation id=0} after a disconnection but he's not in it
 WARN 14:52:46,352 [AWT-EventQueue-0] (eVP:68) - Target has to be a character
 WARN 14:52:46,353 [AWT-EventQueue-0] (eVP:68) - Target has to be a character
 WARN 14:52:46,353 [AWT-EventQueue-0] (eVP:68) - Target has to be a character
 WARN 14:52:46,353 [AWT-EventQueue-0] (eVP:68) - Target has to be a character
 WARN 14:52:47,363 [AWT-EventQueue-0] (eVP:68) - Target has to be a character
 WARN 14:52:47,363 [AWT-EventQueue-0] (eVP:68) - Target has to be a character
 WARN 14:52:47,364 [AWT-EventQueue-0] (eVP:68) - Target has to be a character
 WARN 14:52:47,364 [AWT-EventQueue-0] (eVP:68) - Target has to be a character
 WARN 14:52:48,370 [AWT-EventQueue-0] (eVP:68) - Target has to be a character
 WARN 14:52:48,370 [AWT-EventQueue-0] (eVP:68) - Target has to be a character
 WARN 14:52:48,370 [AWT-EventQueue-0] (eVP:68) - Target has to be a character
 WARN 14:52:48,370 [AWT-EventQueue-0] (eVP:68) - Target has to be a character
 INFO 14:52:49,377 [AWT-EventQueue-0] (frH:215) - [NATION] Trying to remove 11579734 from {Nation id=0} after a disconnection but he's not in it
 INFO 14:52:49,377 [AWT-EventQueue-0] (frH:215) - [NATION] Trying to remove 11579734 from {Nation id=0} after a disconnection but he's not in it
 INFO 14:52:50,394 [AWT-EventQueue-0] (frH:215) - [NATION] Trying to remove 11579734 from {Nation id=0} after a disconnection but he's not in it
 INFO 14:52:50,394 [AWT-EventQueue-0] (frH:215) - [NATION] Trying to remove 11579734 from {Nation id=0} after a disconnection but he's not in it
 INFO 14:52:50,397 [AWT-EventQueue-0] (frH:215) - [NATION] Trying to remove 11579734 from {Nation id=0} after a disconnection but he's not in it
 INFO 14:52:50,398 [AWT-EventQueue-0] (frH:215) - [NATION] Trying to remove 11579734 from {Nation id=0} after a disconnection but he's not in it
 INFO 14:52:53,423 [AWT-EventQueue-0] (frH:215) - [NATION] Trying to remove 11579030 from {Nation id=0} after a disconnection but he's not in it
 INFO 14:52:53,423 [AWT-EventQueue-0] (frH:215) - [NATION] Trying to remove 11579030 from {Nation id=0} after a disconnection but he's not in it
 INFO 14:53:01,478 [AWT-EventQueue-0] (Tc:407) - Invalid start cell for pathfind search : doesn't exist. HASHCODE : 2251825583456256
 INFO 14:53:01,478 [AWT-EventQueue-0] (Tc:407) - Invalid start cell for pathfind search : doesn't exist. HASHCODE : 2251825583456256
 INFO 14:53:01,479 [AWT-EventQueue-0] (Tc:407) - Invalid start cell for pathfind search : doesn't exist. HASHCODE : 2251825583456256
 INFO 14:53:01,482 [AWT-EventQueue-0] (Tc:407) - Invalid start cell for pathfind search : doesn't exist. HASHCODE : 2251825583456256
 INFO 14:53:01,482 [AWT-EventQueue-0] (Tc:407) - Invalid start cell for pathfind search : doesn't exist. HASHCODE : 2251825583456256
 INFO 14:53:01,482 [AWT-EventQueue-0] (Tc:407) - Invalid start cell for pathfind search : doesn't exist. HASHCODE : 2251825583456256
 INFO 14:53:03,514 [AWT-EventQueue-0] (Tc:407) - Invalid start cell for pathfind search : doesn't exist. HASHCODE : 2251842762473475
 INFO 14:53:03,514 [AWT-EventQueue-0] (Tc:407) - Invalid start cell for pathfind search : doesn't exist. HASHCODE : 2251842762473476
 INFO 14:53:10,572 [AWT-EventQueue-0] (frH:215) - [NATION] Trying to remove 11579734 from {Nation id=0} after a disconnection but he's not in it
 INFO 14:53:10,572 [AWT-EventQueue-0] (frH:215) - [NATION] Trying to remove 11579734 from {Nation id=0} after a disconnection but he's not in it
 INFO 14:53:12,585 [AWT-EventQueue-0] (frH:215) - [NATION] Trying to remove 11569557 from {Nation id=0} after a disconnection but he's not in it
 INFO 14:53:12,585 [AWT-EventQueue-0] (frH:215) - [NATION] Trying to remove 11569557 from {Nation id=0} after a disconnection but he's not in it
 WARN 14:53:17,622 [AWT-EventQueue-0] (eVP:68) - Target has to be a character
 WARN 14:53:17,622 [AWT-EventQueue-0] (eVP:68) - Target has to be a character
 WARN 14:53:17,623 [AWT-EventQueue-0] (eVP:68) - Target has to be a character
 WARN 14:53:17,623 [AWT-EventQueue-0] (eVP:68) - Target has to be a character
 WARN 14:53:18,634 [AWT-EventQueue-0] (eVP:68) - Target has to be a character
 WARN 14:53:18,635 [AWT-EventQueue-0] (eVP:68) - Target has to be a character
 WARN 14:53:18,634 [AWT-EventQueue-0] (eVP:68) - Target has to be a character
 WARN 14:53:18,635 [AWT-EventQueue-0] (eVP:68) - Target has to be a character
 INFO 14:53:26,687 [AWT-EventQueue-0] (frH:215) - [NATION] Trying to remove 11579727 from {Nation id=0} after a disconnection but he's not in it
 INFO 14:53:26,687 [AWT-EventQueue-0] (frH:215) - [NATION] Trying to remove 11579727 from {Nation id=0} after a disconnection but he's not in it
 WARN 14:53:38,785 [AWT-EventQueue-0] (aXi:29) - [Fight] Reception d'un message de synchronisation de position pour un fighter inconnu du client, qui devrait pourtant etre dans son combat.  FightID = 1552052747, FighterID = 11579733
ERROR 14:53:38,785 [AWT-EventQueue-0] (cFg:27) - Resource 823 at 11:32:2 already exist on client
 WARN 14:53:38,785 [AWT-EventQueue-0] (aXi:29) - [Fight] Reception d'un message de synchronisation de position pour un fighter inconnu du client, qui devrait pourtant etre dans son combat.  FightID = 1552052747, FighterID = 11579733
ERROR 14:53:38,786 [AWT-EventQueue-0] (cFg:27) - Resource 823 at 11:32:2 already exist on client
 INFO 14:53:41,812 [AWT-EventQueue-0] (frH:215) - [NATION] Trying to remove 11569557 from {Nation id=0} after a disconnection but he's not in it
 INFO 14:53:41,816 [AWT-EventQueue-0] (frH:215) - [NATION] Trying to remove 11569557 from {Nation id=0} after a disconnection but he's not in it
 INFO 14:53:46,855 [AWT-EventQueue-0] (Tc:407) - Invalid start cell for pathfind search : doesn't exist. HASHCODE : 2251567885352977
 INFO 14:53:46,855 [AWT-EventQueue-0] (Tc:407) - Invalid start cell for pathfind search : doesn't exist. HASHCODE : 2251567885352977
 INFO 14:53:46,856 [AWT-EventQueue-0] (Tc:407) - Invalid start cell for pathfind search : doesn't exist. HASHCODE : 2251567885352977
 INFO 14:53:46,856 [AWT-EventQueue-0] (Tc:407) - Invalid start cell for pathfind search : doesn't exist. HASHCODE : 2251567885352977
 INFO 14:53:49,884 [AWT-EventQueue-0] (Tc:407) - Invalid start cell for pathfind search : doesn't exist. HASHCODE : 2251636604960784
 INFO 14:53:49,884 [AWT-EventQueue-0] (Tc:407) - Invalid start cell for pathfind search : doesn't exist. HASHCODE : 2251653784829968
 INFO 14:53:49,884 [AWT-EventQueue-0] (Tc:407) - Invalid start cell for pathfind search : doesn't exist. HASHCODE : 2251636604960784
 INFO 14:53:49,884 [AWT-EventQueue-0] (Tc:407) - Invalid start cell for pathfind search : doesn't exist. HASHCODE : 2251653784829968
 INFO 14:53:50,891 [AWT-EventQueue-0] (Tc:407) - Invalid start cell for pathfind search : doesn't exist. HASHCODE : 2251653784829968
 INFO 14:53:53,916 [AWT-EventQueue-0] (frH:215) - [NATION] Trying to remove 11579733 from {Nation id=0} after a disconnection but he's not in it
 INFO 14:53:53,916 [AWT-EventQueue-0] (Tc:407) - Invalid start cell for pathfind search : doesn't exist. HASHCODE : 2252014562279432
 INFO 14:53:53,917 [AWT-EventQueue-0] (frH:215) - [NATION] Trying to remove 11579733 from {Nation id=0} after a disconnection but he's not in it
 INFO 14:53:53,917 [AWT-EventQueue-0] (Tc:407) - Invalid start cell for pathfind search : doesn't exist. HASHCODE : 2252014562279432
 INFO 14:53:53,917 [AWT-EventQueue-0] (Tc:407) - Invalid start cell for pathfind search : doesn't exist. HASHCODE : 2252014562279432
 INFO 14:53:53,917 [AWT-EventQueue-0] (Tc:407) - Invalid start cell for pathfind search : doesn't exist. HASHCODE : 2252014562279432
ERROR 14:53:56,940 [AWT-EventQueue-0] (cFg:27) - Resource 823 at 11:32:2 already exist on client
ERROR 14:53:56,940 [AWT-EventQueue-0] (cFg:27) - Resource 823 at 11:32:2 already exist on client
 INFO 14:53:56,940 [AWT-EventQueue-0] (Tc:407) - Invalid start cell for pathfind search : doesn't exist. HASHCODE : 2251928662605825
 INFO 14:53:56,941 [AWT-EventQueue-0] (Tc:407) - Invalid start cell for pathfind search : doesn't exist. HASHCODE : 2251928662605825
 INFO 14:53:58,985 [AWT-EventQueue-0] (Tc:407) - Invalid start cell for pathfind search : doesn't exist. HASHCODE : 2251963022475265
 INFO 14:53:58,985 [AWT-EventQueue-0] (Tc:407) - Invalid start cell for pathfind search : doesn't exist. HASHCODE : 2251963022475265
 INFO 14:54:02,025 [AWT-EventQueue-0] (aXi:35) - Resynchronisation de la position d'un fighter dans notre combat.  FightID = 1552052758, FighterID = 11579734 à la position {Point3 : (19, 35, 1)}
 INFO 14:54:02,036 [AWT-EventQueue-0] (aXi:35) - Resynchronisation de la position d'un fighter dans notre combat.  FightID = 1552052758, FighterID = 11579734 à la position {Point3 : (19, 35, 1)}
 INFO 14:54:04,044 [AWT-EventQueue-0] (frH:215) - [NATION] Trying to remove 11569557 from {Nation id=0} after a disconnection but he's not in it
 INFO 14:54:04,054 [AWT-EventQueue-0] (frH:215) - [NATION] Trying to remove 11569557 from {Nation id=0} after a disconnection but he's not in it
 INFO 14:54:06,072 [AWT-EventQueue-0] (Tc:407) - Invalid start cell for pathfind search : doesn't exist. HASHCODE : 2252031742214152
 INFO 14:54:06,073 [AWT-EventQueue-0] (Tc:407) - Invalid start cell for pathfind search : doesn't exist. HASHCODE : 2252031742214152
 INFO 14:54:06,073 [AWT-EventQueue-0] (Tc:407) - Invalid start cell for pathfind search : doesn't exist. HASHCODE : 2252031742214152
 INFO 14:54:06,073 [AWT-EventQueue-0] (Tc:407) - Invalid start cell for pathfind search : doesn't exist. HASHCODE : 2252031742214152
 INFO 14:54:13,115 [AWT-EventQueue-0] (frH:215) - [NATION] Trying to remove 11579108 from {Nation id=0} after a disconnection but he's not in it
 INFO 14:54:13,117 [AWT-EventQueue-0] (frH:215) - [NATION] Trying to remove 11579108 from {Nation id=0} after a disconnection but he's not in it
 INFO 14:54:16,138 [AWT-EventQueue-0] (aXi:35) - Resynchronisation de la position d'un fighter dans notre combat.  FightID = 1552052762, FighterID = 11579734 à la position {Point3 : (17, 35, 1)}
 INFO 14:54:16,138 [AWT-EventQueue-0] (aXi:35) - Resynchronisation de la position d'un fighter dans notre combat.  FightID = 1552052762, FighterID = 11579734 à la position {Point3 : (17, 35, 1)}
ERROR 14:54:20,167 [AWT-EventQueue-0] (cFg:27) - Resource 823 at 11:32:2 already exist on client
ERROR 14:54:20,167 [AWT-EventQueue-0] (cFg:27) - Resource 823 at 11:32:2 already exist on client
 INFO 14:54:23,187 [AWT-EventQueue-0] (frH:215) - [NATION] Trying to remove 11579734 from {Nation id=0} after a disconnection but he's not in it
 INFO 14:54:23,187 [AWT-EventQueue-0] (frH:215) - [NATION] Trying to remove 11579734 from {Nation id=0} after a disconnection but he's not in it
 INFO 14:54:26,208 [AWT-EventQueue-0] (Tc:407) - Invalid start cell for pathfind search : doesn't exist. HASHCODE : 2251774043914242
 INFO 14:54:26,208 [AWT-EventQueue-0] (Tc:407) - Invalid start cell for pathfind search : doesn't exist. HASHCODE : 2251774043914242
 INFO 14:54:26,208 [AWT-EventQueue-0] (Tc:407) - Invalid start cell for pathfind search : doesn't exist. HASHCODE : 2251774043914242
 INFO 14:54:26,208 [AWT-EventQueue-0] (Tc:407) - Invalid start cell for pathfind search : doesn't exist. HASHCODE : 2251774043914242
 INFO 14:54:26,209 [AWT-EventQueue-0] (Tc:407) - Invalid start cell for pathfind search : doesn't exist. HASHCODE : 2251774043914242
 INFO 14:54:26,209 [AWT-EventQueue-0] (Tc:407) - Invalid start cell for pathfind search : doesn't exist. HASHCODE : 2251774043914242
 INFO 14:54:27,220 [AWT-EventQueue-0] (Tc:407) - Invalid start cell for pathfind search : doesn't exist. HASHCODE : 2251739684110336
 INFO 14:54:27,220 [AWT-EventQueue-0] (Tc:407) - Invalid start cell for pathfind search : doesn't exist. HASHCODE : 2251739684110336
 INFO 14:54:27,221 [AWT-EventQueue-0] (Tc:407) - Invalid start cell for pathfind search : doesn't exist. HASHCODE : 2251739684110336
 INFO 14:54:27,221 [AWT-EventQueue-0] (Tc:407) - Invalid start cell for pathfind search : doesn't exist. HASHCODE : 2251739684110336
 INFO 14:54:27,221 [AWT-EventQueue-0] (Tc:407) - Invalid start cell for pathfind search : doesn't exist. HASHCODE : 2251756863979522
 INFO 14:54:27,221 [AWT-EventQueue-0] (Tc:407) - Invalid start cell for pathfind search : doesn't exist. HASHCODE : 2251756863979522
 INFO 14:54:27,222 [AWT-EventQueue-0] (Tc:407) - Invalid start cell for pathfind search : doesn't exist. HASHCODE : 2251756863979522
 INFO 14:54:27,222 [AWT-EventQueue-0] (Tc:407) - Invalid start cell for pathfind search : doesn't exist. HASHCODE : 2251756863979522
 WARN 14:54:31,300 [AWT-EventQueue-0] (cEu:39) - Reception d'un messsage d'action pour le monstre -1706442046308330	initié par le joueur 11579734 alors qu'on ne le connait pas
 WARN 14:54:31,300 [AWT-EventQueue-0] (cEu:39) - Reception d'un messsage d'action pour le monstre -1706442046308330	initié par le joueur 11579734 alors qu'on ne le connait pas
 INFO 14:54:34,323 [AWT-EventQueue-0] (Tc:407) - Invalid start cell for pathfind search : doesn't exist. HASHCODE : 2251636604960781
 INFO 14:54:34,323 [AWT-EventQueue-0] (Tc:407) - Invalid start cell for pathfind search : doesn't exist. HASHCODE : 2251636604960781
 INFO 14:54:34,323 [AWT-EventQueue-0] (Tc:407) - Invalid start cell for pathfind search : doesn't exist. HASHCODE : 2251636604960781
 INFO 14:54:34,324 [AWT-EventQueue-0] (Tc:407) - Invalid start cell for pathfind search : doesn't exist. HASHCODE : 2251636604960781
 INFO 14:54:34,324 [AWT-EventQueue-0] (Tc:407) - Invalid start cell for pathfind search : doesn't exist. HASHCODE : 2251636604960781
 INFO 14:54:34,324 [AWT-EventQueue-0] (Tc:407) - Invalid start cell for pathfind search : doesn't exist. HASHCODE : 2251636604960781
 INFO 14:54:34,324 [AWT-EventQueue-0] (Tc:407) - Invalid start cell for pathfind search : doesn't exist. HASHCODE : 2251636604960781
 INFO 14:54:34,325 [AWT-EventQueue-0] (Tc:407) - Invalid start cell for pathfind search : doesn't exist. HASHCODE : 2251636604960781
 INFO 14:54:36,339 [AWT-EventQueue-0] (frH:215) - [NATION] Trying to remove 11301988 from {Nation id=0} after a disconnection but he's not in it
 INFO 14:54:36,339 [AWT-EventQueue-0] (frH:215) - [NATION] Trying to remove 11301988 from {Nation id=0} after a disconnection but he's not in it
 INFO 14:54:37,347 [AWT-EventQueue-0] (Tc:407) - Invalid start cell for pathfind search : doesn't exist. HASHCODE : 2251825584766988
 INFO 14:54:37,347 [AWT-EventQueue-0] (Tc:407) - Invalid start cell for pathfind search : doesn't exist. HASHCODE : 2251825584766988
 INFO 14:54:37,347 [AWT-EventQueue-0] (Tc:407) - Invalid start cell for pathfind search : doesn't exist. HASHCODE : 2251825584766988
 INFO 14:54:37,348 [AWT-EventQueue-0] (Tc:407) - Invalid start cell for pathfind search : doesn't exist. HASHCODE : 2251825584766988
 INFO 14:54:37,348 [AWT-EventQueue-0] (Tc:407) - Invalid start cell for pathfind search : doesn't exist. HASHCODE : 2251825584766988
 INFO 14:54:37,348 [AWT-EventQueue-0] (Tc:407) - Invalid start cell for pathfind search : doesn't exist. HASHCODE : 2251825584766988
 INFO 14:54:37,348 [AWT-EventQueue-0] (Tc:407) - Invalid start cell for pathfind search : doesn't exist. HASHCODE : 2251825584766988
 INFO 14:54:38,359 [AWT-EventQueue-0] (Tc:407) - Invalid start cell for pathfind search : doesn't exist. HASHCODE : 2251808405028864
 INFO 14:54:38,359 [AWT-EventQueue-0] (Tc:407) - Invalid start cell for pathfind search : doesn't exist. HASHCODE : 2251825584766986
 INFO 14:54:38,360 [AWT-EventQueue-0] (Tc:407) - Invalid start cell for pathfind search : doesn't exist. HASHCODE : 2251825584766986
 INFO 14:54:38,360 [AWT-EventQueue-0] (Tc:407) - Invalid start cell for pathfind search : doesn't exist. HASHCODE : 2251808405028864
 INFO 14:54:38,360 [AWT-EventQueue-0] (Tc:407) - Invalid start cell for pathfind search : doesn't exist. HASHCODE : 2251825584766986
 INFO 14:54:38,360 [AWT-EventQueue-0] (Tc:407) - Invalid start cell for pathfind search : doesn't exist. HASHCODE : 2251808405028864
 INFO 14:54:38,360 [AWT-EventQueue-0] (Tc:407) - Invalid start cell for pathfind search : doesn't exist. HASHCODE : 2251825584766986
 INFO 14:54:38,360 [AWT-EventQueue-0] (Tc:407) - Invalid start cell for pathfind search : doesn't exist. HASHCODE : 2251808405028864
 INFO 14:54:38,360 [AWT-EventQueue-0] (Tc:407) - Invalid start cell for pathfind search : doesn't exist. HASHCODE : 2251825584766986
 INFO 14:54:38,360 [AWT-EventQueue-0] (Tc:407) - Invalid start cell for pathfind search : doesn't exist. HASHCODE : 2251808405028864
 WARN 14:54:49,439 [AWT-EventQueue-0] (cky:29) - The fight with the id 1552052774 has not been found
 WARN 14:54:49,439 [AWT-EventQueue-0] (cky:29) - The fight with the id 1552052774 has not been found
 WARN 14:54:49,441 [AWT-EventQueue-0] (bvf:342) - [FIGHT_REFACTOR]Tentative de spawn du fighter 11579722 sans connaitre sa team
 INFO 14:54:49,441 [AWT-EventQueue-0] (cko:37) - Starting join procedure for 11579722
 WARN 14:54:49,441 [AWT-EventQueue-0] (bvf:342) - [FIGHT_REFACTOR]Tentative de spawn du fighter 11579722 sans connaitre sa team
 INFO 14:54:49,442 [AWT-EventQueue-0] (cko:37) - Starting join procedure for 11579722
 WARN 14:54:49,442 [AWT-EventQueue-0] (bvf:342) - [FIGHT_REFACTOR]Tentative de spawn du fighter 11579725 sans connaitre sa team
 INFO 14:54:49,442 [AWT-EventQueue-0] (cko:37) - Starting join procedure for 11579725
 WARN 14:54:49,443 [AWT-EventQueue-0] (bvf:342) - [FIGHT_REFACTOR]Tentative de spawn du fighter 11579725 sans connaitre sa team
 INFO 14:54:49,443 [AWT-EventQueue-0] (cko:37) - Starting join procedure for 11579725
 INFO 14:55:02,550 [AWT-EventQueue-0] (Tc:407) - Invalid start cell for pathfind search : doesn't exist. HASHCODE : 2251859942277122
 INFO 14:55:02,551 [AWT-EventQueue-0] (Tc:407) - Invalid start cell for pathfind search : doesn't exist. HASHCODE : 2251859942277122
 INFO 14:55:02,551 [AWT-EventQueue-0] (Tc:407) - Invalid start cell for pathfind search : doesn't exist. HASHCODE : 2251859942277122
 INFO 14:55:02,551 [AWT-EventQueue-0] (Tc:407) - Invalid start cell for pathfind search : doesn't exist. HASHCODE : 2251859942277122
 INFO 14:55:02,552 [AWT-EventQueue-0] (Tc:407) - Invalid start cell for pathfind search : doesn't exist. HASHCODE : 2251859942277122
 WARN 14:55:05,615 [AWT-EventQueue-0] (bvf:342) - [FIGHT_REFACTOR]Tentative de spawn du fighter 11579740 sans connaitre sa team
 INFO 14:55:05,615 [AWT-EventQueue-0] (cko:37) - Starting join procedure for 11579740
 WARN 14:55:05,616 [AWT-EventQueue-0] (bvf:342) - [FIGHT_REFACTOR]Tentative de spawn du fighter 11579740 sans connaitre sa team
 INFO 14:55:05,616 [AWT-EventQueue-0] (cko:37) - Starting join procedure for 11579740
 WARN 14:55:05,617 [AWT-EventQueue-0] (bvf:342) - [FIGHT_REFACTOR]Tentative de spawn du fighter 11579745 sans connaitre sa team
 INFO 14:55:05,617 [AWT-EventQueue-0] (cko:37) - Starting join procedure for 11579745
 WARN 14:55:05,618 [AWT-EventQueue-0] (bvf:342) - [FIGHT_REFACTOR]Tentative de spawn du fighter 11579745 sans connaitre sa team
 INFO 14:55:05,618 [AWT-EventQueue-0] (cko:37) - Starting join procedure for 11579745
 INFO 14:55:08,640 [AWT-EventQueue-0] (Tc:407) - Invalid start cell for pathfind search : doesn't exist. HASHCODE : 2251928662016000
 INFO 14:55:08,640 [AWT-EventQueue-0] (Tc:407) - Invalid start cell for pathfind search : doesn't exist. HASHCODE : 2251928662016000
 INFO 14:55:08,640 [AWT-EventQueue-0] (Tc:407) - Invalid start cell for pathfind search : doesn't exist. HASHCODE : 2251928662016000
 INFO 14:55:08,640 [AWT-EventQueue-0] (Tc:407) - Invalid start cell for pathfind search : doesn't exist. HASHCODE : 2251928662016000
 INFO 14:55:08,640 [AWT-EventQueue-0] (Tc:407) - Invalid start cell for pathfind search : doesn't exist. HASHCODE : 2251928662016000
 INFO 14:55:08,640 [AWT-EventQueue-0] (Tc:407) - Invalid start cell for pathfind search : doesn't exist. HASHCODE : 2251928662016000
 INFO 14:55:08,641 [AWT-EventQueue-0] (Tc:407) - Invalid start cell for pathfind search : doesn't exist. HASHCODE : 2251928662016000
 INFO 14:55:08,641 [AWT-EventQueue-0] (Tc:407) - Invalid start cell for pathfind search : doesn't exist. HASHCODE : 2251928662016000
 WARN 14:55:12,673 [AWT-EventQueue-0] (bvf:342) - [FIGHT_REFACTOR]Tentative de spawn du fighter -1706442038215741 sans connaitre sa team
 INFO 14:55:12,674 [AWT-EventQueue-0] (cko:37) - Starting join procedure for -1706442038215741
 WARN 14:55:12,674 [AWT-EventQueue-0] (bvf:342) - [FIGHT_REFACTOR]Tentative de spawn du fighter -1706442038215741 sans connaitre sa team
 INFO 14:55:12,674 [AWT-EventQueue-0] (cko:37) - Starting join procedure for -1706442038215741
 INFO 14:55:13,682 [AWT-EventQueue-0] (frH:215) - [NATION] Trying to remove 11579734 from {Nation id=0} after a disconnection but he's not in it
 INFO 14:55:13,682 [AWT-EventQueue-0] (frH:215) - [NATION] Trying to remove 11579734 from {Nation id=0} after a disconnection but he's not in it
 INFO 14:55:26,772 [AWT-EventQueue-0] (frH:215) - [NATION] Trying to remove 11579736 from {Nation id=0} after a disconnection but he's not in it
 INFO 14:55:26,773 [AWT-EventQueue-0] (frH:215) - [NATION] Trying to remove 11579736 from {Nation id=0} after a disconnection but he's not in it
 INFO 14:55:27,783 [AWT-EventQueue-0] (aXi:35) - Resynchronisation de la position d'un fighter dans notre combat.  FightID = 1552052779, FighterID = 11579740 à la position {Point3 : (14, 30, 1)}
 INFO 14:55:27,783 [AWT-EventQueue-0] (aXi:35) - Resynchronisation de la position d'un fighter dans notre combat.  FightID = 1552052779, FighterID = 11579735 à la position {Point3 : (12, 33, 1)}
 INFO 14:55:27,783 [AWT-EventQueue-0] (aXi:35) - Resynchronisation de la position d'un fighter dans notre combat.  FightID = 1552052779, FighterID = 11579740 à la position {Point3 : (14, 30, 1)}
 INFO 14:55:27,784 [AWT-EventQueue-0] (aXi:35) - Resynchronisation de la position d'un fighter dans notre combat.  FightID = 1552052779, FighterID = 11579745 à la position {Point3 : (13, 31, 1)}
 INFO 14:55:27,784 [AWT-EventQueue-0] (aXi:35) - Resynchronisation de la position d'un fighter dans notre combat.  FightID = 1552052779, FighterID = 11579735 à la position {Point3 : (12, 33, 1)}
 INFO 14:55:27,784 [AWT-EventQueue-0] (aXi:35) - Resynchronisation de la position d'un fighter dans notre combat.  FightID = 1552052779, FighterID = 11579745 à la position {Point3 : (13, 31, 1)}
 INFO 14:55:27,786 [AWT-EventQueue-0] (aVY:58) - Removing character Saimio from manager
 INFO 14:55:27,787 [AWT-EventQueue-0] (aVY:58) - Removing character Saimio from manager
 INFO 14:55:27,787 [AWT-EventQueue-0] (aVY:58) - Removing character Katni from manager
 INFO 14:55:27,788 [AWT-EventQueue-0] (aVY:58) - Removing character Balise de Destruction from manager
 INFO 14:55:27,788 [AWT-EventQueue-0] (aVY:58) - Removing character Katni from manager
 INFO 14:55:27,788 [AWT-EventQueue-0] (aVY:58) - Removing character Balise de Destruction from manager
 WARN 14:55:27,789 [AWT-EventQueue-0] (biX:279) - Tentative de suppression d'un CharacterInfo 0 inexistant.
 WARN 14:55:27,790 [AWT-EventQueue-0] (biX:279) - Tentative de suppression d'un CharacterInfo 0 inexistant.
 INFO 14:55:28,799 [AWT-EventQueue-0] (aXi:35) - Resynchronisation de la position d'un fighter dans notre combat.  FightID = 1552052774, FighterID = 11579727 à la position {Point3 : (14, 31, 1)}
 INFO 14:55:28,799 [AWT-EventQueue-0] (aXi:35) - Resynchronisation de la position d'un fighter dans notre combat.  FightID = 1552052774, FighterID = 11579727 à la position {Point3 : (14, 31, 1)}
 INFO 14:55:28,799 [AWT-EventQueue-0] (aXi:35) - Resynchronisation de la position d'un fighter dans notre combat.  FightID = 1552052774, FighterID = 11579725 à la position {Point3 : (17, 34, 1)}
 INFO 14:55:28,799 [AWT-EventQueue-0] (aXi:35) - Resynchronisation de la position d'un fighter dans notre combat.  FightID = 1552052774, FighterID = 11579722 à la position {Point3 : (18, 31, 1)}
 INFO 14:55:28,799 [AWT-EventQueue-0] (aXi:35) - Resynchronisation de la position d'un fighter dans notre combat.  FightID = 1552052774, FighterID = 11579725 à la position {Point3 : (17, 34, 1)}
 INFO 14:55:28,799 [AWT-EventQueue-0] (aXi:35) - Resynchronisation de la position d'un fighter dans notre combat.  FightID = 1552052774, FighterID = 11579722 à la position {Point3 : (18, 31, 1)}
 INFO 14:55:28,800 [AWT-EventQueue-0] (aVY:58) - Removing character Oym from manager
 INFO 14:55:28,800 [AWT-EventQueue-0] (aVY:58) - Removing character Ouaam from manager
 INFO 14:55:28,800 [AWT-EventQueue-0] (aVY:58) - Removing character Oym from manager
 INFO 14:55:28,801 [AWT-EventQueue-0] (aVY:58) - Removing character Ouaam from manager
 WARN 14:55:30,821 [AWT-EventQueue-0] (bvf:342) - [FIGHT_REFACTOR]Tentative de spawn du fighter 11579740 sans connaitre sa team
 INFO 14:55:30,821 [AWT-EventQueue-0] (cko:37) - Starting join procedure for 11579740
 WARN 14:55:30,822 [AWT-EventQueue-0] (bvf:342) - [FIGHT_REFACTOR]Tentative de spawn du fighter 11579740 sans connaitre sa team
 INFO 14:55:30,822 [AWT-EventQueue-0] (cko:37) - Starting join procedure for 11579740
 WARN 14:55:30,824 [AWT-EventQueue-0] (bvf:342) - [FIGHT_REFACTOR]Tentative de spawn du fighter 11579745 sans connaitre sa team
 INFO 14:55:30,824 [AWT-EventQueue-0] (cko:37) - Starting join procedure for 11579745
 WARN 14:55:30,824 [AWT-EventQueue-0] (bvf:342) - [FIGHT_REFACTOR]Tentative de spawn du fighter 11579745 sans connaitre sa team
 INFO 14:55:30,824 [AWT-EventQueue-0] (cko:37) - Starting join procedure for 11579745
 INFO 14:55:35,861 [AWT-EventQueue-0] (frH:215) - [NATION] Trying to remove 4913007 from {Nation id=0} after a disconnection but he's not in it
 INFO 14:55:35,861 [AWT-EventQueue-0] (frH:215) - [NATION] Trying to remove 4913007 from {Nation id=0} after a disconnection but he's not in it
 INFO 14:55:44,932 [AWT-EventQueue-0] (frH:215) - [NATION] Trying to remove 11579736 from {Nation id=0} after a disconnection but he's not in it
 INFO 14:55:44,932 [AWT-EventQueue-0] (frH:215) - [NATION] Trying to remove 11579736 from {Nation id=0} after a disconnection but he's not in it
 INFO 14:55:48,961 [AWT-EventQueue-0] (frH:215) - [NATION] Trying to remove 11579734 from {Nation id=0} after a disconnection but he's not in it
 INFO 14:55:48,962 [AWT-EventQueue-0] (frH:215) - [NATION] Trying to remove 11579734 from {Nation id=0} after a disconnection but he's not in it
 INFO 14:55:49,970 [AWT-EventQueue-0] (frH:215) - [NATION] Trying to remove 11579734 from {Nation id=0} after a disconnection but he's not in it
 INFO 14:55:49,970 [AWT-EventQueue-0] (frH:215) - [NATION] Trying to remove 11579734 from {Nation id=0} after a disconnection but he's not in it
 INFO 14:55:55,010 [AWT-EventQueue-0] (aXi:35) - Resynchronisation de la position d'un fighter dans notre combat.  FightID = 1552052786, FighterID = 11579740 à la position {Point3 : (10, 30, 1)}
 INFO 14:55:55,010 [AWT-EventQueue-0] (aXi:35) - Resynchronisation de la position d'un fighter dans notre combat.  FightID = 1552052786, FighterID = 11579735 à la position {Point3 : (12, 34, 1)}
 INFO 14:55:55,010 [AWT-EventQueue-0] (aXi:35) - Resynchronisation de la position d'un fighter dans notre combat.  FightID = 1552052786, FighterID = 11579740 à la position {Point3 : (10, 30, 1)}
 INFO 14:55:55,010 [AWT-EventQueue-0] (aXi:35) - Resynchronisation de la position d'un fighter dans notre combat.  FightID = 1552052786, FighterID = 11579735 à la position {Point3 : (12, 34, 1)}
 INFO 14:55:55,010 [AWT-EventQueue-0] (aXi:35) - Resynchronisation de la position d'un fighter dans notre combat.  FightID = 1552052786, FighterID = 11579745 à la position {Point3 : (14, 32, 1)}
 INFO 14:55:55,011 [AWT-EventQueue-0] (aXi:35) - Resynchronisation de la position d'un fighter dans notre combat.  FightID = 1552052786, FighterID = 11579745 à la position {Point3 : (14, 32, 1)}
 INFO 14:55:55,012 [AWT-EventQueue-0] (aVY:58) - Removing character Saimio from manager
 INFO 14:55:55,012 [AWT-EventQueue-0] (aVY:58) - Removing character Saimio from manager
 INFO 14:55:55,013 [AWT-EventQueue-0] (aVY:58) - Removing character Katni from manager
 INFO 14:55:55,013 [AWT-EventQueue-0] (aVY:58) - Removing character Katni from manager
ERROR 14:55:55,014 [AWT-EventQueue-0] (cFg:27) - Resource 823 at 11:32:2 already exist on client
ERROR 14:55:55,014 [AWT-EventQueue-0] (cFg:27) - Resource 823 at 11:32:2 already exist on client
 INFO 14:55:56,052 [AWT-EventQueue-0] (frH:215) - [NATION] Trying to remove 11579734 from {Nation id=0} after a disconnection but he's not in it
 INFO 14:55:56,052 [AWT-EventQueue-0] (frH:215) - [NATION] Trying to remove 11579734 from {Nation id=0} after a disconnection but he's not in it
 INFO 14:55:56,056 [AWT-EventQueue-0] (frH:215) - [NATION] Trying to remove 11579734 from {Nation id=0} after a disconnection but he's not in it
 INFO 14:55:56,057 [AWT-EventQueue-0] (frH:215) - [NATION] Trying to remove 11579734 from {Nation id=0} after a disconnection but he's not in it
 WARN 14:55:59,078 [AWT-EventQueue-0] (cky:29) - The fight with the id 1552052792 has not been found
 WARN 14:55:59,078 [AWT-EventQueue-0] (cky:29) - The fight with the id 1552052792 has not been found
 WARN 14:55:59,080 [AWT-EventQueue-0] (bvf:342) - [FIGHT_REFACTOR]Tentative de spawn du fighter 11579722 sans connaitre sa team
 INFO 14:55:59,081 [AWT-EventQueue-0] (cko:37) - Starting join procedure for 11579722
 WARN 14:55:59,081 [AWT-EventQueue-0] (bvf:342) - [FIGHT_REFACTOR]Tentative de spawn du fighter 11579722 sans connaitre sa team
 INFO 14:55:59,081 [AWT-EventQueue-0] (cko:37) - Starting join procedure for 11579722
 WARN 14:55:59,081 [AWT-EventQueue-0] (bvf:342) - [FIGHT_REFACTOR]Tentative de spawn du fighter 11579725 sans connaitre sa team
 INFO 14:55:59,081 [AWT-EventQueue-0] (cko:37) - Starting join procedure for 11579725
 WARN 14:55:59,082 [AWT-EventQueue-0] (bvf:342) - [FIGHT_REFACTOR]Tentative de spawn du fighter 11579725 sans connaitre sa team
 INFO 14:55:59,082 [AWT-EventQueue-0] (cko:37) - Starting join procedure for 11579725
